freq,siec,indic_nrgm,unit,geo\TIME_PERIOD	2013 	2014 	2015 	2016 	2017 	2018 	2019 	2020 	2021 	2022 	2023 	2024 
A,E7000,CMPY_ECAP5,PC,AT	62.000 	60.800 	59.700 	58.400 	58.100 	57.700 	53.600 	53.900 	51.500 	49.600 	45.600 	: 
A,E7000,CMPY_ECAP5,PC,BA	96.640 	96.380 	95.760 	95.750 	95.040 	94.520 	93.560 	93.080 	92.560 	91.620 	89.421 	: 
A,E7000,CMPY_ECAP5,PC,BE	66.000 	60.030 	60.670 	50.480 	50.500 	51.000 	50.160 	48.290 	47.341 	48.130 	43.370 	: 
A,E7000,CMPY_ECAP5,PC,BG	59.270 	61.080 	64.410 	64.150 	64.160 	61.440 	65.560 	61.130 	59.850 	52.440 	47.960 	: 
A,E7000,CMPY_ECAP5,PC,CY	89.060 	88.260 	87.500 	87.300 	86.270 	86.100 	85.590 	83.240 	80.910 	78.500 	76.230 	: 
A,E7000,CMPY_ECAP5,PC,CZ	61.800 	61.900 	61.900 	61.700 	60.282 	60.686 	60.549 	54.340 	53.310 	57.610 	59.400 	: 
A,E7000,CMPY_ECAP5,PC,DE	67.000 	70.000 	68.000 	65.300 	64.900 	60.800 	57.500 	56.800 	53.100 	52.000 	52.500 	: 
A,E7000,CMPY_ECAP5,PC,DK	57.000 	43.700 	37.220 	36.600 	36.210 	38.084 	37.698 	40.970 	38.439 	35.412 	35.667 	: 
A,E7000,CMPY_ECAP5,PC,EE	77.000 	75.830 	71.690 	70.000 	72.000 	74.000 	76.360 	75.000 	86.000 	83.000 	85.530 	: 
A,E7000,CMPY_ECAP5,PC,EL	67.400 	67.030 	67.030 	73.230 	62.160 	57.980 	57.810 	56.200 	48.790 	48.040 	44.560 	: 
A,E7000,CMPY_ECAP5,PC,ES	61.200 	60.910 	62.340 	61.290 	59.660 	55.580 	55.160 	45.790 	39.180 	36.150 	35.975 	: 
A,E7000,CMPY_ECAP5,PC,FI	45.790 	42.800 	41.700 	42.840 	40.860 	41.190 	44.410 	44.300 	43.180 	32.600 	27.590 	: 
A,E7000,CMPY_ECAP5,PC,FR	83.400 	84.100 	82.500 	77.600 	81.540 	78.200 	76.610 	69.440 	68.810 	66.250 	64.080 	: 
A,E7000,CMPY_ECAP5,PC,GE	: 	: 	62.100 	59.100 	56.500 	56.100 	56.000 	52.000 	51.800 	51.600 	51.100 	: 
A,E7000,CMPY_ECAP5,PC,HR	93.000 	90.650 	84.940 	82.980 	82.310 	82.180 	80.010 	79.090 	74.510 	62.380 	66.250 	: 
A,E7000,CMPY_ECAP5,PC,HU	57.150 	63.530 	60.800 	63.340 	49.410 	65.162 	56.479 	50.404 	47.100 	46.600 	44.930 	: 
A,E7000,CMPY_ECAP5,PC,IE	88.000 	91.000 	85.000 	75.000 	94.000 	94.000 	80.000 	73.000 	77.000 	75.000 	67.000 	: 
A,E7000,CMPY_ECAP5,PC,IT	36.000 	36.000 	38.000 	36.000 	29.000 	29.000 	28.000 	28.000 	27.000 	28.000 	27.000 	: 
A,E7000,CMPY_ECAP5,PC,LT	76.660 	74.660 	67.300 	49.530 	54.570 	54.200 	53.760 	52.000 	48.960 	48.700 	44.200 	: 
A,E7000,CMPY_ECAP5,PC,LU	67.910 	66.860 	67.260 	36.800 	30.880 	36.720 	32.770 	31.650 	31.540 	31.510 	39.140 	: 
A,E7000,CMPY_ECAP5,PC,LV	90.300 	86.760 	86.500 	85.880 	85.470 	86.250 	86.350 	86.630 	86.750 	84.700 	79.840 	: 
A,E7000,CMPY_ECAP5,PC,MD	86.900 	86.900 	86.900 	86.900 	86.900 	86.900 	86.900 	81.810 	75.700 	93.100 	88.800 	: 
A,E7000,CMPY_ECAP5,PC,ME	99.140 	99.140 	98.120 	97.440 	97.300 	96.850 	92.290 	90.580 	90.340 	89.840 	88.960 	: 
A,E7000,CMPY_ECAP5,PC,MK	96.000 	92.900 	91.190 	91.010 	90.390 	92.230 	91.750 	91.070 	90.470 	90.383 	76.053 	59.981 
A,E7000,CMPY_ECAP5,PC,MT	100.000 	100.000 	100.000 	100.000 	100.000 	100.000 	100.000 	100.000 	100.000 	100.000 	100.000 	: 
A,E7000,CMPY_ECAP5,PC,NL	56.000 	58.000 	57.000 	52.000 	52.000 	50.000 	50.000 	41.000 	38.000 	36.000 	36.000 	: 
A,E7000,CMPY_ECAP5,PC,PL	19.330 	19.220 	18.710 	18.400 	20.070 	19.940 	27.710 	25.090 	23.320 	21.250 	18.040 	: 
A,E7000,CMPY_ECAP5,PC,PT	63.000 	64.700 	64.900 	65.800 	66.100 	65.400 	64.870 	66.610 	62.770 	65.480 	64.070 	: 
A,E7000,CMPY_ECAP5,PC,RO	57.260 	56.090 	58.140 	56.650 	56.700 	51.280 	54.100 	59.411 	61.870 	61.010 	58.520 	: 
A,E7000,CMPY_ECAP5,PC,RS	94.900 	93.700 	98.660 	98.350 	98.330 	95.310 	93.560 	95.160 	90.900 	90.810 	88.530 	: 
A,E7000,CMPY_ECAP5,PC,SE	47.720 	59.980 	54.920 	54.240 	48.800 	48.470 	46.440 	43.930 	41.280 	34.160 	32.530 	: 
A,E7000,CMPY_ECAP5,PC,SI	93.500 	87.070 	93.000 	93.500 	93.290 	88.020 	87.160 	87.000 	93.430 	93.460 	90.473 	: 
A,E7000,CMPY_ECAP5,PC,SK	82.890 	72.650 	72.680 	73.270 	73.610 	70.660 	69.040 	69.600 	74.360 	73.740 	73.560 	: 
A,E7000,CMPY_ECAP5,PC,TR	: 	43.150 	40.570 	37.080 	31.570 	22.230 	20.220 	19.130 	22.890 	20.039 	19.540 	: 
A,E7000,CMPY_ECAP5,PC,XK	96.380 	96.210 	95.840 	92.910 	92.530 	89.230 	86.600 	86.500 	86.500 	86.500 	86.500 	: 
A,E7000,CMPY_EG5,PC,AT	55.500 	55.200 	53.000 	52.100 	50.900 	51.900 	52.500 	53.100 	52.400 	50.800 	49.800 	: 
A,E7000,CMPY_EG5,PC,BA	99.230 	98.930 	98.870 	97.920 	97.850 	97.450 	96.280 	96.940 	96.450 	95.800 	94.736 	: 
A,E7000,CMPY_EG5,PC,BE	74.930 	70.970 	65.710 	71.080 	70.030 	63.970 	67.500 	61.850 	68.100 	63.990 	59.700 	: 
A,E7000,CMPY_EG5,PC,BG	74.500 	74.000 	78.440 	78.250 	77.300 	77.810 	77.920 	75.900 	74.750 	77.570 	65.140 	: 
A,E7000,CMPY_EG5,PC,CY	92.900 	93.640 	92.430 	92.680 	92.780 	92.260 	91.950 	89.920 	88.030 	87.530 	84.860 	: 
A,E7000,CMPY_EG5,PC,CZ	67.500 	67.700 	67.700 	68.400 	67.131 	73.820 	74.674 	73.100 	68.020 	72.480 	70.390 	: 
A,E7000,CMPY_EG5,PC,DE	74.000 	73.000 	76.000 	72.100 	75.500 	73.900 	70.100 	65.300 	62.400 	55.900 	57.100 	: 
A,E7000,CMPY_EG5,PC,DK	58.000 	53.500 	43.990 	41.700 	33.270 	32.750 	36.113 	37.442 	44.104 	42.003 	38.220 	: 
A,E7000,CMPY_EG5,PC,EE	87.000 	84.830 	79.760 	80.840 	82.500 	80.000 	67.400 	72.000 	78.000 	76.000 	72.890 	: 
A,E7000,CMPY_EG5,PC,EL	81.380 	85.480 	75.720 	86.610 	74.930 	74.530 	70.450 	61.850 	62.910 	55.640 	49.730 	: 
A,E7000,CMPY_EG5,PC,ES	60.440 	62.170 	64.320 	63.770 	61.860 	55.650 	51.220 	44.300 	51.120 	45.420 	49.830 	: 
A,E7000,CMPY_EG5,PC,FI	59.770 	59.430 	58.150 	58.030 	55.820 	53.830 	54.780 	56.240 	52.950 	48.410 	54.030 	: 
A,E7000,CMPY_EG5,PC,FR	89.900 	93.500 	92.400 	87.600 	86.600 	88.630 	86.860 	88.610 	84.090 	78.280 	78.940 	: 
A,E7000,CMPY_EG5,PC,GE	: 	: 	54.270 	53.530 	53.700 	54.200 	53.000 	54.700 	56.200 	59.000 	48.000 	: 
A,E7000,CMPY_EG5,PC,HR	95.000 	92.280 	89.890 	95.580 	86.120 	82.700 	77.810 	75.710 	75.510 	73.630 	78.430 	: 
A,E7000,CMPY_EG5,PC,HU	72.720 	73.620 	72.030 	76.330 	79.470 	79.803 	77.189 	74.464 	70.400 	71.100 	71.120 	: 
A,E7000,CMPY_EG5,PC,IE	88.000 	84.000 	81.000 	83.500 	81.000 	84.000 	65.000 	73.000 	73.000 	72.000 	64.000 	: 
A,E7000,CMPY_EG5,PC,IT	46.000 	42.000 	40.000 	39.000 	35.000 	33.000 	31.000 	30.000 	32.000 	33.000 	33.000 	: 
A,E7000,CMPY_EG5,PC,LT	69.020 	65.500 	63.210 	48.860 	40.680 	39.180 	38.770 	43.600 	44.660 	34.220 	21.170 	: 
A,E7000,CMPY_EG5,PC,LU	73.860 	70.330 	68.960 	50.390 	48.940 	48.090 	57.860 	57.320 	53.250 	50.450 	23.930 	: 
A,E7000,CMPY_EG5,PC,LV	79.800 	54.800 	57.420 	58.550 	47.050 	63.390 	66.610 	57.070 	62.010 	62.730 	71.940 	: 
A,E7000,CMPY_EG5,PC,MD	99.110 	97.560 	97.560 	92.840 	92.550 	89.890 	88.190 	87.900 	86.330 	91.000 	89.000 	: 
A,E7000,CMPY_EG5,PC,ME	99.360 	99.210 	98.590 	97.670 	95.960 	92.950 	96.980 	92.940 	91.700 	90.240 	86.350 	: 
A,E7000,CMPY_EG5,PC,MK	96.000 	91.400 	89.800 	91.700 	93.160 	96.513 	93.150 	91.880 	90.400 	95.142 	89.995 	80.655 
A,E7000,CMPY_EG5,PC,MT	100.000 	100.000 	100.000 	100.000 	: 	: 	: 	: 	: 	: 	0.000 	: 
A,E7000,CMPY_EG5,PC,NL	58.000 	60.000 	62.000 	56.000 	52.000 	49.000 	52.000 	43.000 	41.000 	41.000 	30.000 	: 
A,E7000,CMPY_EG5,PC,PL	36.930 	36.910 	25.480 	29.920 	30.250 	32.790 	34.720 	35.690 	41.350 	38.180 	34.460 	: 
A,E7000,CMPY_EG5,PC,PT	61.700 	64.200 	63.600 	71.200 	70.400 	69.500 	63.220 	65.680 	63.380 	66.910 	59.440 	: 
A,E7000,CMPY_EG5,PC,RO	76.120 	67.550 	65.130 	65.830 	63.360 	72.450 	71.770 	69.335 	72.350 	70.100 	63.355 	: 
A,E7000,CMPY_EG5,PC,RS	99.300 	99.100 	99.240 	98.900 	98.550 	97.920 	96.120 	97.400 	95.030 	94.020 	92.110 	: 
A,E7000,CMPY_EG5,PC,SE	62.370 	69.600 	70.680 	67.350 	65.930 	67.500 	65.240 	64.550 	59.780 	61.890 	56.130 	: 
A,E7000,CMPY_EG5,PC,SI	94.500 	93.340 	92.300 	94.300 	92.000 	91.970 	92.040 	92.560 	93.620 	93.240 	92.807 	: 
A,E7000,CMPY_EG5,PC,SK	83.760 	81.850 	79.500 	80.490 	79.820 	78.080 	80.340 	79.820 	79.380 	77.730 	81.450 	: 
A,E7000,CMPY_EG5,PC,TR	: 	51.890 	43.800 	37.640 	35.050 	20.610 	25.320 	30.970 	21.580 	19.580 	20.370 	: 
A,E7000,CMPY_EG5,PC,XK	98.790 	98.680 	97.430 	95.980 	96.620 	94.290 	93.600 	95.000 	95.000 	95.000 	95.000 	: 
A,E7000,ECAP_CN,MW,AT	668.000 	769.000 	594.000 	905.000 	381.000 	864.000 	427.000 	370.000 	1227.000 	1441.000 	3026.000 	: 
A,E7000,ECAP_CN,MW,BA	1.130 	9.720 	20.560 	342.740 	32.890 	77.460 	45.480 	24.110 	77.610 	47.360 	114.620 	: 
A,E7000,ECAP_CN,MW,BE	1253.000 	920.000 	367.000 	1043.000 	1177.000 	529.300 	1269.500 	1642.800 	515.700 	1390.800 	1668.000 	: 
A,E7000,ECAP_CN,MW,BG	127.000 	50.800 	59.180 	13.650 	7.570 	420.000 	21.530 	60.256 	183.694 	490.927 	1251.548 	: 
A,E7000,ECAP_CN,MW,CY	75.000 	0.000 	0.000 	0.000 	0.000 	0.000 	0.000 	0.000 	0.000 	0.000 	0.000 	: 
A,E7000,ECAP_CN,MW,CZ	: 	769.200 	17.300 	123.300 	277.700 	10.200 	289.760 	: 	86.520 	41.700 	934.400 	: 
A,E7000,ECAP_CN,MW,DE	8638.000 	10020.000 	10972.000 	8797.000 	8460.000 	7446.000 	8214.000 	10643.000 	14262.000 	8153.000 	22762.000 	: 
A,E7000,ECAP_CN,MW,DK	889.000 	163.000 	434.000 	320.000 	505.000 	786.339 	296.043 	455.000 	1191.000 	1506.000 	582.000 	: 
A,E7000,ECAP_CN,MW,EE	21.000 	64.000 	229.000 	5.600 	40.000 	20.000 	10.000 	90.000 	55.000 	0.000 	0.000 	: 
A,E7000,ECAP_CN,MW,EL	417.000 	151.000 	0.000 	0.000 	0.000 	500.000 	0.000 	0.000 	0.000 	1422.000 	38.720 	: 
A,E7000,ECAP_CN,MW,ES	703.000 	28.000 	909.600 	37.760 	93.510 	452.790 	6737.831 	4516.410 	4338.330 	6572.260 	6270.314 	: 
A,E7000,ECAP_CN,MW,FI	531.400 	441.300 	133.000 	719.000 	1100.000 	108.000 	259.060 	324.500 	871.100 	2669.000 	3508.000 	: 
A,E7000,ECAP_CN,MW,FR	: 	: 	: 	: 	2763.000 	2504.000 	2396.700 	2412.600 	3940.000 	5600.000 	4700.000 	: 
A,E7000,ECAP_CN,MW,GE	: 	: 	247.460 	150.600 	243.830 	18.380 	85.680 	252.730 	7.800 	26.900 	29.000 	: 
A,E7000,ECAP_CN,MW,HR	142.000 	104.000 	371.000 	80.000 	122.600 	39.500 	77.300 	178.700 	235.500 	101.400 	419.500 	: 
A,E7000,ECAP_CN,MW,HU	35.010 	88.050 	0.000 	0.000 	0.000 	0.000 	465.584 	498.819 	421.631 	1394.000 	1744.000 	: 
A,E7000,ECAP_CN,MW,IE	237.000 	330.000 	856.000 	376.000 	220.250 	208.000 	381.000 	214.800 	478.000 	891.800 	841.100 	: 
A,E7000,ECAP_CN,MW,IT	3057.000 	1275.000 	1163.000 	1376.000 	1090.000 	1390.000 	1622.000 	1205.600 	1761.000 	5097.000 	9511.000 	: 
A,E7000,ECAP_CN,MW,LT	86.000 	14.000 	150.000 	78.000 	22.000 	28.000 	24.000 	113.000 	222.000 	275.000 	388.000 	: 
A,E7000,ECAP_CN,MW,LU	24.100 	215.400 	14.730 	68.750 	17.380 	6.051 	63.230 	44.020 	91.040 	71.950 	155.930 	: 
A,E7000,ECAP_CN,MW,LV	248.000 	16.800 	8.800 	0.000 	14.400 	0.000 	22.000 	6.500 	0.000 	72.100 	183.300 	: 
A,E7000,ECAP_CN,MW,MD	1.500 	3.300 	0.290 	1.710 	9.900 	20.600 	0.000 	2.177 	31.300 	39.600 	75.100 	: 
A,E7000,ECAP_CN,MW,ME	0.840 	0.000 	9.250 	6.230 	75.290 	4.392 	48.617 	16.939 	2.220 	2.220 	14.194 	: 
A,E7000,ECAP_CN,MW,MK	24.300 	22.200 	33.800 	4.660 	11.610 	6.200 	10.900 	14.800 	14.200 	144.840 	373.883 	555.766 
A,E7000,ECAP_CN,MW,MT	0.000 	0.000 	0.000 	0.000 	210.000 	0.000 	0.000 	0.000 	0.000 	0.000 	0.000 	: 
A,E7000,ECAP_CN,MW,NL	1862.000 	2804.700 	2161.110 	1459.470 	864.060 	2031.298 	2785.000 	6134.380 	4958.000 	3891.000 	6142.000 	: 
A,E7000,ECAP_CN,MW,PL	942.000 	672.600 	1339.500 	993.000 	2173.000 	949.000 	3181.000 	4399.100 	5632.000 	5936.000 	5722.000 	: 
A,E7000,ECAP_CN,MW,PT	256.000 	376.000 	602.210 	1112.000 	357.000 	237.810 	378.220 	210.626 	324.369 	1558.773 	799.011 	: 
A,E7000,ECAP_CN,MW,RO	2263.670 	452.350 	387.130 	202.620 	13.800 	20.442 	9.060 	2.568 	40.700 	14.520 	236.910 	: 
A,E7000,ECAP_CN,MW,RS	0.000 	0.000 	1.800 	58.000 	12.000 	250.000 	186.000 	225.500 	230.000 	6.000 	103.500 	: 
A,E7000,ECAP_CN,MW,SE	1034.000 	1470.000 	992.000 	864.000 	437.000 	1676.000 	1698.000 	1751.000 	2640.000 	3024.000 	3657.000 	: 
A,E7000,ECAP_CN,MW,SI	29.000 	576.460 	26.600 	5.800 	18.000 	373.300 	29.500 	66.100 	158.130 	193.200 	523.580 	: 
A,E7000,ECAP_CN,MW,SK	115.000 	135.000 	20.140 	87.760 	4.180 	8.840 	42.810 	1.460 	78.890 	: 	0.000 	: 
A,E7000,ECAP_CN,MW,TR	6949.000 	6327.000 	6211.000 	6528.000 	3950.090 	3330.850 	4134.500 	4453.218 	4211.380 	5266.070 	4746.056 	: 
A,E7000,ECAP_CN,MW,XK	3.340 	0.000 	4.900 	24.920 	2.100 	38.400 	33.160 	11.060 	0.000 	0.000 	: 	: 
A,E7000,ECAP_DC,MW,AT	21.000 	214.000 	235.000 	482.000 	170.000 	62.000 	485.000 	383.000 	331.000 	177.000 	7.000 	: 
A,E7000,ECAP_DC,MW,BA	0.000 	0.000 	0.000 	0.000 	0.000 	0.000 	0.000 	0.000 	0.000 	0.000 	0.000 	: 
A,E7000,ECAP_DC,MW,BE	527.000 	986.000 	139.000 	635.000 	470.000 	0.000 	0.000 	0.000 	0.000 	1006.000 	1008.000 	: 
A,E7000,ECAP_DC,MW,BG	220.000 	210.000 	50.000 	60.000 	0.000 	0.000 	6.150 	0.000 	0.000 	0.328 	2.686 	: 
A,E7000,ECAP_DC,MW,CY	120.500 	0.000 	0.000 	0.000 	0.000 	0.000 	0.000 	0.000 	0.000 	0.000 	0.000 	: 
A,E7000,ECAP_DC,MW,CZ	559.700 	: 	: 	: 	: 	: 	: 	643.780 	502.710 	111.800 	1.200 	: 
A,E7000,ECAP_DC,MW,DE	911.000 	2423.000 	2652.000 	1677.000 	3978.000 	1722.000 	3141.000 	732.000 	11119.000 	609.000 	4511.000 	: 
A,E7000,ECAP_DC,MW,DK	1352.000 	317.000 	54.000 	78.000 	401.000 	38.825 	112.389 	101.000 	63.000 	101.000 	69.000 	: 
A,E7000,ECAP_DC,MW,EE	26.000 	3.000 	402.000 	255.000 	66.800 	10.000 	142.000 	98.000 	383.900 	0.000 	1.000 	: 
A,E7000,ECAP_DC,MW,EL	0.000 	0.000 	0.000 	0.000 	0.000 	0.000 	0.000 	0.000 	1088.000 	560.000 	14.200 	: 
A,E7000,ECAP_DC,MW,ES	3.000 	169.000 	514.160 	1005.760 	638.530 	480.000 	455.960 	4053.340 	2021.580 	323.100 	56.057 	: 
A,E7000,ECAP_DC,MW,FI	0.000 	690.000 	69.200 	1026.000 	246.000 	138.900 	25.500 	574.600 	228.600 	18.000 	516.000 	: 
A,E7000,ECAP_DC,MW,FR	: 	: 	: 	: 	2857.000 	450.000 	102.600 	1760.000 	660.000 	0.000 	0.000 	: 
A,E7000,ECAP_DC,MW,GE	: 	: 	0.000 	0.000 	0.000 	0.000 	0.000 	0.000 	0.000 	0.000 	0.000 	: 
A,E7000,ECAP_DC,MW,HR	4.000 	0.000 	0.000 	0.000 	0.000 	4.200 	371.000 	228.600 	24.500 	0.000 	20.700 	: 
A,E7000,ECAP_DC,MW,HU	1209.830 	41.480 	0.000 	240.000 	0.000 	0.000 	0.000 	0.000 	10.500 	245.000 	67.000 	: 
A,E7000,ECAP_DC,MW,IE	0.000 	0.000 	240.000 	0.000 	0.000 	343.000 	0.000 	34.000 	0.000 	0.000 	0.000 	: 
A,E7000,ECAP_DC,MW,IT	2541.000 	4028.000 	5954.000 	3279.000 	1166.000 	410.000 	439.000 	1396.000 	984.000 	1528.000 	719.000 	: 
A,E7000,ECAP_DC,MW,LT	0.000 	300.000 	600.000 	0.000 	361.000 	0.000 	0.000 	0.000 	4.000 	0.000 	0.000 	: 
A,E7000,ECAP_DC,MW,LU	0.100 	1.950 	13.440 	382.800 	5.510 	6.272 	0.250 	10.740 	20.670 	2.560 	6.340 	: 
A,E7000,ECAP_DC,MW,LV	0.000 	0.000 	0.000 	6.400 	0.000 	25.400 	0.000 	0.000 	4.100 	0.000 	0.000 	: 
A,E7000,ECAP_DC,MW,MD	0.000 	0.000 	0.000 	0.000 	0.000 	0.000 	0.000 	0.000 	0.000 	0.000 	0.000 	: 
A,E7000,ECAP_DC,MW,ME	0.000 	0.000 	0.000 	0.000 	0.000 	0.000 	0.000 	0.000 	0.000 	0.000 	0.000 	: 
A,E7000,ECAP_DC,MW,MK	210.000 	0.000 	0.000 	0.000 	0.000 	0.000 	0.000 	0.000 	0.000 	2.088 	0.030 	216.277 
A,E7000,ECAP_DC,MW,MT	0.000 	0.000 	0.000 	0.000 	120.000 	0.000 	0.000 	0.000 	0.000 	0.000 	0.000 	: 
A,E7000,ECAP_DC,MW,NL	279.000 	223.130 	2131.830 	56.100 	1303.500 	744.031 	759.691 	848.841 	127.043 	224.000 	189.000 	: 
A,E7000,ECAP_DC,MW,PL	405.000 	445.600 	89.500 	70.000 	107.000 	673.000 	156.000 	43.000 	1720.000 	1228.800 	158.000 	: 
A,E7000,ECAP_DC,MW,PT	1094.000 	337.000 	111.660 	100.000 	51.000 	41.053 	71.890 	41.431 	1261.310 	784.163 	17.802 	: 
A,E7000,ECAP_DC,MW,RO	56.390 	89.200 	265.940 	0.780 	197.870 	705.490 	3295.000 	109.600 	2060.000 	122.520 	204.350 	: 
A,E7000,ECAP_DC,MW,RS	0.000 	0.000 	0.000 	0.000 	0.000 	0.000 	0.000 	0.000 	0.000 	0.000 	0.000 	: 
A,E7000,ECAP_DC,MW,SE	115.000 	194.000 	614.000 	833.000 	1564.000 	357.000 	97.000 	903.000 	1559.000 	8.000 	72.000 	: 
A,E7000,ECAP_DC,MW,SI	23.000 	26.790 	117.000 	0.000 	0.000 	250.700 	0.900 	6.500 	6.470 	63.800 	4.000 	: 
A,E7000,ECAP_DC,MW,SK	472.000 	133.000 	1.040 	335.130 	131.280 	1.320 	55.520 	1.370 	15.600 	: 	0.000 	: 
A,E7000,ECAP_DC,MW,TR	105.000 	815.000 	2584.000 	1177.000 	1848.660 	1008.800 	1376.500 	343.605 	222.400 	522.150 	28.330 	: 
A,E7000,ECAP_DC,MW,XK	0.000 	0.000 	0.000 	0.000 	0.000 	0.000 	0.000 	0.000 	0.000 	0.000 	: 	: 
A,E7000,ECAP_VAR,MW,AT	647.000 	555.000 	359.000 	423.000 	211.000 	802.000 	-58.000 	-13.000 	896.000 	1264.000 	3019.000 	: 
A,E7000,ECAP_VAR,MW,BA	1.130 	9.720 	20.560 	342.740 	32.890 	77.460 	45.480 	24.110 	77.610 	47.360 	114.620 	: 
A,E7000,ECAP_VAR,MW,BE	726.000 	-66.000 	228.000 	408.000 	707.000 	529.300 	1269.500 	1642.800 	515.700 	384.800 	660.000 	: 
A,E7000,ECAP_VAR,MW,BG	-93.000 	-159.200 	9.180 	-46.350 	7.570 	420.000 	15.380 	60.256 	183.694 	490.599 	1248.862 	: 
A,E7000,ECAP_VAR,MW,CY	-45.500 	0.000 	0.000 	0.000 	0.000 	0.000 	0.000 	0.000 	0.000 	0.000 	0.000 	: 
A,E7000,ECAP_VAR,MW,CZ	-559.700 	769.200 	17.300 	123.300 	277.700 	10.200 	289.760 	-643.780 	-416.190 	-70.100 	933.200 	: 
A,E7000,ECAP_VAR,MW,DE	7727.000 	7597.000 	8320.000 	7120.000 	4482.000 	5724.000 	5073.000 	9911.000 	3143.000 	7544.000 	18251.000 	: 
A,E7000,ECAP_VAR,MW,DK	-463.000 	-154.000 	380.000 	242.000 	104.000 	747.514 	183.654 	354.000 	1128.000 	1405.000 	513.000 	: 
A,E7000,ECAP_VAR,MW,EE	-5.000 	61.000 	-173.000 	-249.400 	-26.800 	10.000 	-132.000 	-8.000 	-328.900 	0.000 	-1.000 	: 
A,E7000,ECAP_VAR,MW,EL	417.000 	151.000 	0.000 	0.000 	0.000 	500.000 	0.000 	0.000 	-1088.000 	862.000 	24.520 	: 
A,E7000,ECAP_VAR,MW,ES	700.000 	-141.000 	395.440 	-968.000 	-545.020 	-27.210 	6281.871 	463.070 	2316.750 	6249.160 	6214.257 	: 
A,E7000,ECAP_VAR,MW,FI	531.400 	-248.700 	63.800 	-307.000 	854.000 	-30.900 	233.560 	-250.100 	642.500 	2651.000 	2992.000 	: 
A,E7000,ECAP_VAR,MW,FR	0.000 	0.000 	0.000 	0.000 	-94.000 	2054.000 	2294.100 	652.600 	3280.000 	5600.000 	4700.000 	: 
A,E7000,ECAP_VAR,MW,GE	0.000 	0.000 	247.460 	150.600 	243.830 	18.380 	85.680 	252.730 	7.800 	26.900 	29.000 	: 
A,E7000,ECAP_VAR,MW,HR	138.000 	104.000 	371.000 	80.000 	122.600 	35.300 	-293.700 	-49.900 	211.000 	101.400 	398.800 	: 
A,E7000,ECAP_VAR,MW,HU	-1174.820 	46.570 	0.000 	-240.000 	0.000 	0.000 	465.584 	498.819 	411.131 	1149.000 	1677.000 	: 
A,E7000,ECAP_VAR,MW,IE	237.000 	330.000 	616.000 	376.000 	220.250 	-135.000 	381.000 	180.800 	478.000 	891.800 	841.100 	: 
A,E7000,ECAP_VAR,MW,IT	516.000 	-2753.000 	-4791.000 	-1903.000 	-76.000 	980.000 	1183.000 	-190.400 	777.000 	3569.000 	8792.000 	: 
A,E7000,ECAP_VAR,MW,LT	86.000 	-286.000 	-450.000 	78.000 	-339.000 	28.000 	24.000 	113.000 	218.000 	275.000 	388.000 	: 
A,E7000,ECAP_VAR,MW,LU	24.000 	213.450 	1.290 	-314.050 	11.870 	-0.221 	62.980 	33.280 	70.370 	69.380 	149.590 	: 
A,E7000,ECAP_VAR,MW,LV	248.000 	16.800 	8.800 	-6.400 	14.400 	-25.400 	22.000 	6.500 	-4.100 	72.100 	183.300 	: 
A,E7000,ECAP_VAR,MW,MD	1.500 	3.300 	0.290 	1.710 	9.900 	20.600 	0.000 	2.177 	31.300 	39.600 	75.100 	: 
A,E7000,ECAP_VAR,MW,ME	0.840 	0.000 	9.250 	6.230 	75.290 	4.392 	48.617 	16.939 	2.220 	2.220 	14.194 	: 
A,E7000,ECAP_VAR,MW,MK	-185.700 	22.200 	33.800 	4.660 	11.610 	6.200 	10.900 	14.800 	14.200 	142.752 	373.853 	339.489 
A,E7000,ECAP_VAR,MW,MT	0.000 	0.000 	0.000 	0.000 	90.000 	0.000 	0.000 	0.000 	0.000 	0.000 	0.000 	: 
A,E7000,ECAP_VAR,MW,NL	1583.000 	2581.570 	29.280 	1403.370 	-439.440 	1287.267 	2025.309 	5285.539 	4830.957 	3667.000 	5953.000 	: 
A,E7000,ECAP_VAR,MW,NO	0.000 	0.000 	0.000 	0.000 	0.000 	0.000 	0.000 	0.000 	0.000 	0.000 	0.000 	: 
A,E7000,ECAP_VAR,MW,PL	537.000 	227.000 	1250.000 	923.000 	2066.000 	276.000 	3025.000 	4356.100 	3912.000 	4707.200 	5564.000 	: 
A,E7000,ECAP_VAR,MW,PT	-838.000 	39.000 	490.550 	1012.000 	306.000 	196.757 	306.330 	169.195 	-936.941 	774.610 	781.209 	: 
A,E7000,ECAP_VAR,MW,RO	2207.280 	363.150 	121.190 	201.840 	-184.070 	-685.048 	-3285.940 	-107.032 	-2019.300 	-108.000 	32.560 	: 
A,E7000,ECAP_VAR,MW,RS	0.000 	0.000 	1.800 	58.000 	12.000 	250.000 	186.000 	225.500 	230.000 	6.000 	103.500 	: 
A,E7000,ECAP_VAR,MW,SE	919.000 	1276.000 	378.000 	31.000 	-1127.000 	1319.000 	1601.000 	848.000 	1081.000 	3016.000 	3585.000 	: 
A,E7000,ECAP_VAR,MW,SI	6.000 	549.670 	-90.400 	5.800 	18.000 	122.600 	28.600 	59.600 	151.660 	129.400 	519.580 	: 
A,E7000,ECAP_VAR,MW,SK	-357.000 	2.000 	19.100 	-247.370 	-127.100 	7.520 	-12.710 	0.090 	63.290 	: 	0.000 	: 
A,E7000,ECAP_VAR,MW,TR	6844.000 	5512.000 	3627.000 	5351.000 	2101.430 	2322.050 	2758.000 	4109.613 	3988.980 	4743.920 	4717.730 	: 
A,E7000,ECAP_VAR,MW,XK	3.340 	0.000 	4.900 	24.920 	2.100 	38.400 	33.160 	11.060 	0.000 	0.000 	: 	: 
A,E7000,ERTL,NR,AT	154.000 	149.000 	155.000 	162.000 	171.000 	171.000 	174.000 	171.000 	171.000 	165.000 	161.000 	: 
A,E7000,ERTL,NR,BA	28.000 	27.000 	26.000 	26.000 	26.000 	24.000 	24.000 	20.000 	17.000 	24.000 	29.000 	: 
A,E7000,ERTL,NR,BE	42.000 	37.000 	52.000 	60.000 	60.000 	56.000 	55.000 	58.000 	58.000 	58.000 	70.000 	: 
A,E7000,ERTL,NR,BG	24.000 	29.000 	37.000 	54.000 	57.000 	53.000 	48.000 	50.000 	55.000 	55.000 	54.000 	: 
A,E7000,ERTL,NR,CY	1.000 	1.000 	1.000 	1.000 	1.000 	1.000 	1.000 	1.000 	3.000 	6.000 	9.000 	: 
A,E7000,ERTL,NR,CZ	382.000 	380.000 	390.000 	389.000 	399.000 	411.000 	409.000 	419.000 	420.000 	74.000 	80.000 	: 
A,E7000,ERTL,NR,DE	1177.000 	1226.000 	1238.000 	1404.000 	1404.000 	1485.000 	1430.000 	1421.000 	1423.000 	1368.000 	1439.000 	: 
A,E7000,ERTL,NR,DK	49.000 	50.000 	49.000 	55.000 	39.000 	38.000 	41.000 	44.000 	46.000 	45.000 	56.000 	: 
A,E7000,ERTL,NR,EE	49.000 	53.000 	46.000 	49.000 	46.000 	45.000 	50.000 	47.000 	61.000 	26.000 	27.000 	: 
A,E7000,ERTL,NR,EL	7.000 	8.000 	8.000 	10.000 	19.000 	25.000 	26.000 	25.000 	25.000 	20.000 	19.000 	: 
A,E7000,ERTL,NR,ES	225.000 	273.000 	267.000 	300.000 	291.000 	323.000 	341.000 	366.000 	397.000 	382.000 	400.000 	: 
A,E7000,ERTL,NR,FI	100.000 	100.000 	100.000 	100.000 	100.000 	92.000 	92.000 	86.000 	81.000 	76.000 	75.000 	: 
A,E7000,ERTL,NR,FR	164.000 	167.000 	171.000 	178.000 	185.000 	172.000 	162.000 	171.000 	177.000 	178.000 	180.000 	: 
A,E7000,ERTL,NR,GE	: 	: 	3.000 	3.000 	3.000 	2.000 	2.000 	2.000 	4.000 	4.000 	4.000 	: 
A,E7000,ERTL,NR,HR	6.000 	7.000 	7.000 	7.000 	9.000 	9.000 	8.000 	8.000 	8.000 	8.000 	7.000 	: 
A,E7000,ERTL,NR,HU	44.000 	51.000 	52.000 	42.000 	42.000 	39.000 	37.000 	38.000 	37.000 	32.000 	38.000 	: 
A,E7000,ERTL,NR,IE	7.000 	7.000 	8.000 	9.000 	12.000 	12.000 	14.000 	14.000 	13.000 	10.000 	10.000 	: 
A,E7000,ERTL,NR,IT	472.000 	534.000 	579.000 	627.000 	638.000 	705.000 	775.000 	753.000 	800.000 	757.000 	682.000 	: 
A,E7000,ERTL,NR,LT	24.000 	23.000 	17.000 	21.000 	22.000 	21.000 	22.000 	24.000 	17.000 	26.000 	28.000 	: 
A,E7000,ERTL,NR,LU	9.000 	10.000 	10.000 	10.000 	10.000 	10.000 	10.000 	9.000 	10.000 	9.000 	10.000 	: 
A,E7000,ERTL,NR,LV	8.000 	12.000 	17.000 	21.000 	26.000 	25.000 	22.000 	20.000 	22.000 	21.000 	17.000 	: 
A,E7000,ERTL,NR,MD	4.000 	4.000 	4.000 	4.000 	4.000 	6.000 	7.000 	7.000 	9.000 	5.000 	4.000 	: 
A,E7000,ERTL,NR,ME	2.000 	2.000 	2.000 	5.000 	5.000 	5.000 	6.000 	6.000 	6.000 	6.000 	6.000 	: 
A,E7000,ERTL,NR,MK	5.000 	6.000 	7.000 	9.000 	13.000 	12.000 	13.000 	17.000 	18.000 	21.000 	21.000 	24.000 
A,E7000,ERTL,NR,MT	1.000 	1.000 	1.000 	1.000 	1.000 	1.000 	1.000 	1.000 	1.000 	1.000 	1.000 	: 
A,E7000,ERTL,NR,NL	45.000 	46.000 	51.000 	53.000 	48.000 	48.000 	52.000 	53.000 	52.000 	50.000 	55.000 	: 
A,E7000,ERTL,NR,NO	195.000 	197.000 	191.000 	191.000 	197.000 	188.000 	191.000 	189.000 	232.000 	220.000 	210.000 	: 
A,E7000,ERTL,NR,PL	145.000 	140.000 	134.000 	134.000 	190.000 	185.000 	208.000 	118.000 	120.000 	123.000 	179.000 	: 
A,E7000,ERTL,NR,PT	13.000 	14.000 	19.000 	25.000 	27.000 	29.000 	32.000 	34.000 	36.000 	35.000 	35.000 	: 
A,E7000,ERTL,NR,RO	60.000 	86.000 	95.000 	105.000 	105.000 	96.000 	91.000 	88.000 	92.000 	94.000 	93.000 	: 
A,E7000,ERTL,NR,RS	2.000 	7.000 	8.000 	14.000 	19.000 	18.000 	13.000 	11.000 	11.000 	4.000 	3.000 	: 
A,E7000,ERTL,NR,SE	155.000 	160.000 	172.000 	179.000 	171.000 	166.000 	184.000 	193.000 	210.000 	219.000 	267.000 	: 
A,E7000,ERTL,NR,SI	14.000 	13.000 	18.000 	20.000 	21.000 	23.000 	22.000 	22.000 	23.000 	17.000 	17.000 	: 
A,E7000,ERTL,NR,SK	60.000 	66.000 	72.000 	74.000 	71.000 	73.000 	68.000 	66.000 	66.000 	72.000 	76.000 	: 
A,E7000,ERTL,NR,TR	774.000 	260.000 	255.000 	213.000 	216.000 	216.000 	214.000 	217.000 	233.000 	297.000 	335.000 	: 
A,E7000,ERTL,NR,XK	1.000 	1.000 	1.000 	3.000 	3.000 	3.000 	3.000 	3.000 	3.000 	3.000 	3.000 	: 
A,E7000,ERTL_EC5,PC,AT	79.000 	80.000 	82.000 	77.000 	76.000 	76.000 	76.000 	77.000 	77.000 	77.000 	77.000 	: 
A,E7000,ERTL_EC5,PC,BA	97.980 	97.710 	96.140 	95.210 	95.010 	95.160 	94.470 	95.980 	95.390 	97.290 	97.492 	: 
A,E7000,ERTL_EC5,PC,BE	80.200 	73.900 	71.500 	74.000 	65.500 	72.000 	73.000 	76.100 	73.900 	77.100 	76.000 	: 
A,E7000,ERTL_EC5,PC,BG	74.390 	81.140 	71.960 	64.840 	69.640 	66.870 	67.190 	67.830 	68.560 	64.200 	68.150 	: 
A,E7000,ERTL_EC5,PC,CY	100.000 	100.000 	100.000 	100.000 	100.000 	100.000 	100.000 	100.000 	98.520 	97.550 	93.040 	: 
A,E7000,ERTL_EC5,PC,CZ	70.230 	67.840 	67.470 	66.120 	62.420 	60.090 	59.100 	64.580 	64.810 	75.850 	78.240 	: 
A,E7000,ERTL_EC5,PC,DE	: 	: 	: 	: 	: 	: 	: 	: 	: 	: 	0.000 	: 
A,E7000,ERTL_EC5,PC,DK	: 	: 	: 	: 	: 	: 	: 	: 	: 	: 	0.000 	: 
A,E7000,ERTL_EC5,PC,EE	73.900 	78.400 	70.340 	68.430 	71.700 	76.100 	84.000 	66.000 	70.380 	83.370 	82.662 	: 
A,E7000,ERTL_EC5,PC,EL	98.230 	97.640 	85.550 	88.000 	85.600 	78.730 	82.940 	83.460 	85.720 	85.630 	85.400 	: 
A,E7000,ERTL_EC5,PC,ES	80.900 	78.300 	78.530 	78.670 	78.130 	70.000 	70.000 	63.640 	71.520 	70.020 	62.513 	: 
A,E7000,ERTL_EC5,PC,FI	: 	: 	: 	63.370 	58.580 	57.730 	65.760 	54.290 	73.660 	79.880 	80.110 	: 
A,E7000,ERTL_EC5,PC,FR	85.600 	87.200 	86.700 	91.720 	94.980 	92.990 	92.720 	74.000 	74.280 	74.690 	68.210 	: 
A,E7000,ERTL_EC5,PC,GE	: 	: 	95.930 	96.180 	100.000 	100.000 	99.980 	100.000 	100.000 	100.000 	100.000 	: 
A,E7000,ERTL_EC5,PC,HR	96.000 	93.920 	92.290 	85.990 	88.960 	88.080 	95.730 	93.640 	92.400 	94.460 	93.290 	: 
A,E7000,ERTL_EC5,PC,HU	76.240 	73.220 	70.360 	75.940 	76.130 	71.190 	76.673 	74.750 	71.037 	71.790 	74.572 	: 
A,E7000,ERTL_EC5,PC,IE	95.000 	94.940 	95.310 	89.850 	90.030 	88.076 	89.450 	87.270 	93.800 	97.400 	83.430 	: 
A,E7000,ERTL_EC5,PC,IT	42.000 	42.000 	41.000 	40.000 	43.000 	43.000 	46.000 	53.000 	51.000 	53.000 	58.000 	: 
A,E7000,ERTL_EC5,PC,LT	81.600 	88.800 	91.700 	88.900 	93.200 	95.700 	93.700 	92.200 	90.600 	92.200 	86.100 	: 
A,E7000,ERTL_EC5,PC,LU	93.320 	92.720 	92.550 	91.950 	91.440 	91.200 	91.230 	90.760 	90.190 	95.850 	91.510 	: 
A,E7000,ERTL_EC5,PC,LV	96.100 	98.650 	91.150 	90.190 	82.420 	81.860 	80.700 	84.440 	87.500 	86.300 	83.500 	: 
A,E7000,ERTL_EC5,PC,MD	96.900 	97.700 	97.500 	98.200 	97.500 	96.700 	92.800 	97.650 	99.000 	99.000 	99.700 	: 
A,E7000,ERTL_EC5,PC,ME	90.880 	100.000 	100.000 	96.050 	79.900 	80.080 	81.420 	79.720 	80.940 	100.000 	100.000 	: 
A,E7000,ERTL_EC5,PC,MK	99.500 	95.700 	86.200 	84.690 	91.580 	93.340 	92.370 	88.650 	84.538 	85.000 	93.300 	90.200 
A,E7000,ERTL_EC5,PC,MT	100.000 	100.000 	100.000 	100.000 	100.000 	100.000 	100.000 	100.000 	100.000 	100.000 	100.000 	: 
A,E7000,ERTL_EC5,PC,NL	76.000 	70.000 	72.000 	73.000 	71.000 	68.000 	78.000 	81.000 	79.000 	79.000 	78.000 	: 
A,E7000,ERTL_EC5,PC,PL	78.160 	78.930 	85.060 	78.390 	78.330 	77.040 	76.320 	76.874 	69.960 	74.310 	70.380 	: 
A,E7000,ERTL_EC5,PC,PT	91.000 	87.470 	89.410 	88.300 	87.200 	84.900 	83.960 	82.800 	82.150 	82.620 	80.570 	: 
A,E7000,ERTL_EC5,PC,RO	64.960 	62.260 	61.180 	60.740 	62.980 	54.990 	61.500 	67.765 	67.040 	62.990 	61.930 	: 
A,E7000,ERTL_EC5,PC,RS	99.400 	98.700 	97.000 	95.100 	94.470 	98.300 	97.900 	96.900 	96.900 	96.920 	99.920 	: 
A,E7000,ERTL_EC5,PC,SE	57.710 	60.210 	57.320 	54.000 	54.090 	58.000 	45.880 	49.570 	55.270 	56.250 	46.130 	: 
A,E7000,ERTL_EC5,PC,SI	76.400 	75.200 	93.900 	94.100 	89.800 	93.100 	92.300 	83.200 	78.600 	81.600 	89.800 	: 
A,E7000,ERTL_EC5,PC,SK	82.100 	83.340 	70.080 	75.010 	75.960 	75.480 	78.630 	82.370 	76.730 	79.610 	76.180 	: 
A,E7000,ERTL_EC5,PC,TR	27.300 	21.900 	33.360 	32.360 	46.350 	50.010 	43.690 	31.340 	25.110 	31.340 	43.280 	: 
A,E7000,ERTL_EC5,PC,XK	100.000 	100.000 	100.000 	100.000 	100.000 	100.000 	100.000 	100.000 	100.000 	100.000 	100.000 	: 
A,E7000,ERTL_LG,PC,BA	39.940 	40.780 	40.960 	40.170 	46.440 	39.980 	43.870 	48.390 	46.870 	46.760 	49.581 	: 
A,E7000,ERTL_LG,PC,BE	31.000 	29.600 	26.900 	44.100 	42.500 	43.300 	42.200 	45.000 	46.100 	47.200 	47.000 	: 
A,E7000,ERTL_LG,PC,BG	30.730 	26.210 	37.750 	20.740 	18.190 	18.130 	18.470 	18.990 	16.210 	15.600 	16.240 	: 
A,E7000,ERTL_LG,PC,CY	100.000 	100.000 	100.000 	100.000 	100.000 	100.000 	100.000 	100.000 	98.520 	97.550 	93.040 	: 
A,E7000,ERTL_LG,PC,CZ	41.330 	39.600 	38.840 	36.470 	32.640 	31.660 	30.050 	31.550 	34.460 	39.780 	42.270 	: 
A,E7000,ERTL_LG,PC,DE	: 	: 	: 	: 	: 	: 	: 	: 	: 	: 	0.000 	: 
A,E7000,ERTL_LG,PC,DK	: 	: 	: 	: 	: 	: 	: 	: 	: 	: 	0.000 	: 
A,E7000,ERTL_LG,PC,EE	73.900 	60.830 	55.120 	56.530 	40.900 	42.000 	35.000 	47.000 	45.150 	45.200 	44.294 	: 
A,E7000,ERTL_LG,PC,EL	98.230 	97.640 	85.550 	88.000 	85.600 	78.730 	71.130 	63.200 	58.570 	57.480 	54.930 	: 
A,E7000,ERTL_LG,PC,ES	37.000 	34.880 	35.130 	35.040 	35.420 	32.000 	32.000 	30.510 	31.500 	29.620 	28.805 	: 
A,E7000,ERTL_LG,PC,FI	: 	: 	: 	19.790 	20.070 	24.410 	21.820 	23.690 	22.170 	20.650 	20.080 	: 
A,E7000,ERTL_LG,PC,FR	79.000 	81.100 	79.700 	82.300 	78.710 	74.780 	71.120 	56.480 	53.670 	54.580 	51.370 	: 
A,E7000,ERTL_LG,PC,GE	: 	: 	62.160 	59.790 	63.420 	65.760 	61.540 	63.000 	34.500 	33.600 	34.100 	: 
A,E7000,ERTL_LG,PC,HR	50.000 	44.270 	45.560 	46.140 	45.300 	50.050 	52.320 	51.180 	48.010 	52.300 	51.230 	: 
A,E7000,ERTL_LG,PC,HU	33.240 	18.830 	17.150 	30.430 	29.810 	15.370 	15.202 	21.432 	29.640 	40.893 	41.802 	: 
A,E7000,ERTL_LG,PC,IE	44.000 	45.490 	46.940 	44.030 	42.080 	38.062 	37.882 	37.170 	50.410 	53.620 	44.240 	: 
A,E7000,ERTL_LG,PC,IT	35.000 	34.000 	34.000 	35.000 	38.000 	38.000 	36.000 	36.000 	35.000 	36.000 	34.000 	: 
A,E7000,ERTL_LG,PC,LT	35.200 	35.600 	35.700 	33.800 	33.700 	36.900 	47.200 	55.600 	60.800 	56.800 	48.100 	: 
A,E7000,ERTL_LG,PC,LU	56.750 	54.550 	54.890 	53.970 	53.000 	55.730 	56.070 	56.910 	57.150 	57.180 	56.840 	: 
A,E7000,ERTL_LG,PC,LV	80.400 	78.570 	74.890 	72.410 	67.770 	60.800 	58.560 	58.260 	54.700 	48.500 	50.500 	: 
A,E7000,ERTL_LG,PC,MD	71.800 	72.200 	72.400 	73.200 	72.500 	71.600 	67.700 	65.800 	65.400 	73.000 	73.500 	: 
A,E7000,ERTL_LG,PC,ME	79.900 	75.650 	77.640 	96.050 	79.900 	80.080 	81.420 	79.720 	80.940 	100.000 	100.000 	: 
A,E7000,ERTL_LG,PC,MK	74.100 	86.200 	58.760 	58.830 	64.390 	69.990 	58.500 	55.013 	53.727 	43.500 	29.800 	36.500 
A,E7000,ERTL_LG,PC,MT	100.000 	100.000 	100.000 	100.000 	100.000 	100.000 	100.000 	100.000 	100.000 	100.000 	100.000 	: 
A,E7000,ERTL_LG,PC,PL	29.300 	30.460 	31.230 	32.670 	29.560 	28.850 	30.300 	29.808 	24.990 	22.720 	23.730 	: 
A,E7000,ERTL_LG,PC,PT	32.000 	35.760 	38.470 	40.900 	40.500 	39.100 	39.130 	38.430 	39.450 	39.370 	37.070 	: 
A,E7000,ERTL_LG,PC,RO	22.130 	20.800 	21.840 	22.560 	21.260 	21.190 	19.670 	19.245 	18.420 	17.960 	16.770 	: 
A,E7000,ERTL_LG,PC,RS	99.400 	98.700 	97.000 	95.100 	94.470 	98.300 	97.900 	96.900 	96.900 	96.920 	99.920 	: 
A,E7000,ERTL_LG,PC,SE	19.210 	19.880 	17.840 	16.540 	15.580 	15.890 	14.340 	15.340 	15.310 	14.770 	12.630 	: 
A,E7000,ERTL_LG,PC,SI	25.700 	23.000 	21.600 	23.200 	20.100 	18.700 	18.000 	20.900 	20.700 	20.700 	21.600 	: 
A,E7000,ERTL_LG,PC,SK	35.710 	37.920 	37.260 	35.960 	34.650 	29.190 	35.110 	33.870 	31.150 	30.990 	35.720 	: 
A,E7000,ERTL_LG,PC,XK	100.000 	100.000 	100.000 	100.000 	100.000 	100.000 	100.000 	100.000 	100.000 	100.000 	100.000 	: 
A,E7000,ERTL_SELL_EC5,NR,AT	7.000 	7.000 	7.000 	6.000 	6.000 	7.000 	7.000 	7.000 	7.000 	7.000 	7.000 	: 
A,E7000,ERTL_SELL_EC5,NR,BA	4.000 	4.000 	4.000 	4.000 	4.000 	4.000 	3.000 	3.000 	3.000 	3.000 	3.000 	: 
A,E7000,ERTL_SELL_EC5,NR,BE	5.000 	4.000 	4.000 	4.000 	3.000 	4.000 	4.000 	4.000 	4.000 	4.000 	4.000 	: 
A,E7000,ERTL_SELL_EC5,NR,BG	3.000 	5.000 	3.000 	5.000 	6.000 	5.000 	5.000 	5.000 	6.000 	6.000 	6.000 	: 
A,E7000,ERTL_SELL_EC5,NR,CY	1.000 	1.000 	1.000 	1.000 	1.000 	1.000 	1.000 	1.000 	1.000 	1.000 	1.000 	: 
A,E7000,ERTL_SELL_EC5,NR,CZ	3.000 	3.000 	3.000 	3.000 	3.000 	3.000 	3.000 	4.000 	4.000 	5.000 	5.000 	: 
A,E7000,ERTL_SELL_EC5,NR,DE	: 	: 	: 	: 	: 	: 	: 	: 	: 	: 	0.000 	: 
A,E7000,ERTL_SELL_EC5,NR,DK	6.000 	6.000 	6.000 	7.000 	6.000 	5.000 	5.000 	5.000 	5.000 	5.000 	0.000 	: 
A,E7000,ERTL_SELL_EC5,NR,EE	1.000 	2.000 	2.000 	2.000 	6.000 	5.000 	5.000 	3.000 	4.000 	3.000 	3.000 	: 
A,E7000,ERTL_SELL_EC5,NR,EL	1.000 	1.000 	1.000 	1.000 	1.000 	1.000 	3.000 	4.000 	5.000 	5.000 	5.000 	: 
A,E7000,ERTL_SELL_EC5,NR,ES	4.000 	3.000 	4.000 	4.000 	4.000 	4.000 	4.000 	3.000 	4.000 	4.000 	3.000 	: 
A,E7000,ERTL_SELL_EC5,NR,FI	3.000 	3.000 	4.000 	5.000 	4.000 	4.000 	6.000 	4.000 	6.000 	7.000 	7.000 	: 
A,E7000,ERTL_SELL_EC5,NR,FR	2.000 	2.000 	2.000 	2.000 	2.000 	2.000 	3.000 	3.000 	3.000 	3.000 	3.000 	: 
A,E7000,ERTL_SELL_EC5,NR,GE	: 	: 	2.000 	2.000 	2.000 	2.000 	2.000 	2.000 	4.000 	4.000 	4.000 	: 
A,E7000,ERTL_SELL_EC5,NR,HR	2.000 	3.000 	3.000 	2.000 	3.000 	2.000 	2.000 	3.000 	3.000 	2.000 	2.000 	: 
A,E7000,ERTL_SELL_EC5,NR,HU	5.000 	6.000 	6.000 	5.000 	4.000 	6.000 	7.000 	6.000 	5.000 	4.000 	5.000 	: 
A,E7000,ERTL_SELL_EC5,NR,IE	4.000 	4.000 	4.000 	4.000 	4.000 	4.000 	4.000 	4.000 	5.000 	5.000 	4.000 	: 
A,E7000,ERTL_SELL_EC5,NR,IT	2.000 	2.000 	2.000 	2.000 	2.000 	2.000 	3.000 	4.000 	4.000 	4.000 	5.000 	: 
A,E7000,ERTL_SELL_EC5,NR,LT	6.000 	6.000 	6.000 	6.000 	6.000 	7.000 	6.000 	5.000 	3.000 	3.000 	3.000 	: 
A,E7000,ERTL_SELL_EC5,NR,LU	3.000 	3.000 	3.000 	3.000 	3.000 	3.000 	3.000 	3.000 	3.000 	4.000 	3.000 	: 
A,E7000,ERTL_SELL_EC5,NR,LV	2.000 	3.000 	2.000 	2.000 	2.000 	3.000 	3.000 	4.000 	5.000 	4.000 	4.000 	: 
A,E7000,ERTL_SELL_EC5,NR,MD	3.000 	3.000 	2.000 	2.000 	2.000 	2.000 	2.000 	3.000 	3.000 	2.000 	2.000 	: 
A,E7000,ERTL_SELL_EC5,NR,ME	2.000 	2.000 	2.000 	1.000 	1.000 	1.000 	1.000 	1.000 	1.000 	1.000 	1.000 	: 
A,E7000,ERTL_SELL_EC5,NR,MK	3.000 	2.000 	3.000 	3.000 	3.000 	3.000 	3.000 	4.000 	4.000 	4.000 	4.000 	4.000 
A,E7000,ERTL_SELL_EC5,NR,MT	1.000 	1.000 	1.000 	1.000 	1.000 	1.000 	1.000 	1.000 	1.000 	1.000 	1.000 	: 
A,E7000,ERTL_SELL_EC5,NR,NL	4.000 	3.000 	4.000 	4.000 	4.000 	4.000 	6.000 	6.000 	6.000 	6.000 	6.000 	: 
A,E7000,ERTL_SELL_EC5,NR,NO	6.000 	6.000 	6.000 	6.000 	5.000 	6.000 	6.000 	5.000 	5.000 	6.000 	6.000 	: 
A,E7000,ERTL_SELL_EC5,NR,PL	6.000 	6.000 	5.000 	4.000 	4.000 	4.000 	4.000 	4.000 	4.000 	5.000 	4.000 	: 
A,E7000,ERTL_SELL_EC5,NR,PT	4.000 	4.000 	5.000 	5.000 	5.000 	5.000 	5.000 	5.000 	5.000 	5.000 	5.000 	: 
A,E7000,ERTL_SELL_EC5,NR,RO	5.000 	5.000 	5.000 	5.000 	5.000 	4.000 	5.000 	6.000 	6.000 	6.000 	6.000 	: 
A,E7000,ERTL_SELL_EC5,NR,RS	1.000 	1.000 	1.000 	1.000 	1.000 	1.000 	1.000 	1.000 	1.000 	1.000 	1.000 	: 
A,E7000,ERTL_SELL_EC5,NR,SE	7.000 	7.000 	7.000 	7.000 	7.000 	7.000 	5.000 	6.000 	6.000 	6.000 	4.000 	: 
A,E7000,ERTL_SELL_EC5,NR,SI	8.000 	9.000 	8.000 	8.000 	8.000 	9.000 	9.000 	7.000 	6.000 	6.000 	7.000 	: 
A,E7000,ERTL_SELL_EC5,NR,SK	4.000 	4.000 	3.000 	5.000 	5.000 	5.000 	5.000 	6.000 	5.000 	5.000 	4.000 	: 
A,E7000,ERTL_SELL_EC5,NR,TR	4.000 	3.000 	5.000 	5.000 	7.000 	7.000 	7.000 	5.000 	4.000 	5.000 	7.000 	: 
A,E7000,ERTL_SELL_EC5,NR,XK	1.000 	1.000 	1.000 	1.000 	1.000 	1.000 	1.000 	1.000 	1.000 	1.000 	1.000 	: 
A,E7000,LCMPY_EG,PC,BA	45.840 	49.420 	47.960 	43.880 	46.260 	40.540 	37.540 	40.530 	39.150 	38.900 	35.304 	: 
A,E7000,LCMPY_EG,PC,BE	64.900 	59.770 	48.480 	62.550 	60.660 	51.510 	55.200 	53.020 	56.430 	51.830 	48.480 	: 
A,E7000,LCMPY_EG,PC,BG	36.800 	35.000 	32.490 	36.970 	35.590 	35.820 	39.020 	42.460 	36.130 	33.990 	41.600 	: 
A,E7000,LCMPY_EG,PC,CY	92.900 	93.640 	92.430 	92.680 	92.780 	92.260 	91.950 	89.920 	88.030 	87.530 	84.860 	: 
A,E7000,LCMPY_EG,PC,CZ	67.500 	67.700 	67.700 	68.400 	67.131 	68.400 	69.000 	67.130 	62.550 	59.570 	64.340 	: 
A,E7000,LCMPY_EG,PC,DE	32.000 	32.000 	32.000 	33.500 	32.200 	30.200 	26.000 	25.300 	26.100 	26.400 	22.500 	: 
A,E7000,LCMPY_EG,PC,DK	41.000 	36.600 	33.030 	35.210 	33.270 	32.750 	28.096 	27.003 	31.115 	27.054 	22.679 	: 
A,E7000,LCMPY_EG,PC,EE	87.000 	84.830 	79.760 	80.840 	82.500 	80.000 	67.400 	52.000 	64.000 	69.000 	54.570 	: 
A,E7000,LCMPY_EG,PC,EL	67.450 	71.540 	70.720 	72.000 	58.650 	58.180 	49.370 	40.830 	44.740 	38.600 	33.270 	: 
A,E7000,LCMPY_EG,PC,ES	22.040 	23.820 	24.510 	25.440 	22.500 	22.370 	22.380 	19.840 	24.200 	18.600 	23.100 	: 
A,E7000,LCMPY_EG,PC,FI	24.440 	22.910 	21.560 	21.670 	21.010 	20.860 	22.330 	22.690 	20.830 	23.650 	31.520 	: 
A,E7000,LCMPY_EG,PC,FR	83.800 	86.800 	85.700 	82.500 	79.900 	82.140 	79.780 	77.780 	78.990 	72.480 	73.940 	: 
A,E7000,LCMPY_EG,PC,GE	: 	: 	30.590 	30.670 	31.200 	33.100 	28.180 	24.500 	28.100 	26.600 	25.000 	: 
A,E7000,LCMPY_EG,PC,HR	84.000 	80.290 	77.750 	80.740 	86.120 	82.700 	77.810 	75.710 	75.510 	73.630 	78.430 	: 
A,E7000,LCMPY_EG,PC,HU	52.890 	53.950 	53.090 	52.900 	51.280 	55.151 	56.317 	55.299 	63.000 	63.100 	63.460 	: 
A,E7000,LCMPY_EG,PC,IE	54.000 	51.000 	55.000 	47.000 	43.000 	44.000 	28.000 	31.000 	41.000 	38.000 	31.000 	: 
A,E7000,LCMPY_EG,PC,IT	27.000 	29.000 	27.000 	24.000 	19.000 	19.000 	16.000 	16.000 	17.000 	18.000 	17.000 	: 
A,E7000,LCMPY_EG,PC,LT	24.380 	20.570 	22.700 	14.250 	14.200 	15.500 	15.540 	22.900 	16.910 	11.980 	9.150 	: 
A,E7000,LCMPY_EG,PC,LU	58.350 	61.330 	43.800 	17.970 	17.840 	14.430 	18.650 	17.900 	19.750 	19.770 	18.390 	: 
A,E7000,LCMPY_EG,PC,LV	79.800 	54.800 	57.420 	58.550 	47.050 	63.390 	66.610 	57.070 	62.010 	55.690 	66.480 	: 
A,E7000,LCMPY_EG,PC,MD	79.420 	76.270 	79.080 	80.480 	79.790 	77.750 	72.900 	70.600 	69.070 	76.000 	77.400 	: 
A,E7000,LCMPY_EG,PC,ME	99.360 	99.210 	98.590 	97.670 	95.960 	92.950 	91.270 	87.340 	86.440 	84.340 	86.350 	: 
A,E7000,LCMPY_EG,PC,MK	90.000 	91.400 	89.800 	81.300 	78.030 	82.379 	75.710 	71.050 	61.950 	69.587 	63.406 	59.831 
A,E7000,LCMPY_EG,PC,MT	100.000 	100.000 	100.000 	100.000 	: 	: 	: 	: 	: 	: 	: 	: 
A,E7000,LCMPY_EG,PC,PL	17.340 	17.930 	17.430 	15.950 	17.650 	17.130 	18.350 	17.370 	16.860 	14.850 	12.990 	: 
A,E7000,LCMPY_EG,PC,PT	43.900 	46.500 	42.500 	47.000 	39.500 	43.300 	37.730 	39.140 	26.430 	23.450 	23.240 	: 
A,E7000,LCMPY_EG,PC,RO	26.800 	29.900 	25.690 	28.480 	23.100 	27.860 	26.660 	27.750 	29.610 	25.380 	25.656 	: 
A,E7000,LCMPY_EG,PC,RS	53.500 	50.800 	99.240 	98.900 	98.550 	97.920 	96.120 	97.400 	95.030 	94.020 	92.110 	: 
A,E7000,LCMPY_EG,PC,SE	18.970 	17.930 	19.790 	18.500 	17.530 	19.370 	17.540 	19.100 	19.410 	19.040 	17.800 	: 
A,E7000,LCMPY_EG,PC,SI	57.100 	52.400 	51.300 	53.900 	48.520 	51.460 	50.250 	50.070 	50.520 	48.840 	49.240 	: 
A,E7000,LCMPY_EG,PC,SK	83.760 	81.850 	73.110 	71.260 	71.390 	70.490 	66.060 	64.440 	63.670 	70.380 	73.320 	: 
A,E7000,LCMPY_EG,PC,XK	98.790 	98.680 	97.430 	95.980 	96.620 	94.290 	93.600 	95.000 	95.000 	95.000 	95.000 	: 
A,E7000,LCMPY_IECAP,PC,BA	42.330 	42.680 	41.940 	38.640 	38.350 	37.680 	37.300 	37.110 	37.530 	37.150 	36.254 	: 
A,E7000,LCMPY_IECAP,PC,BE	52.680 	46.730 	45.520 	40.930 	41.260 	42.092 	39.550 	38.360 	37.605 	38.530 	35.230 	: 
A,E7000,LCMPY_IECAP,PC,BG	23.410 	23.820 	24.860 	25.260 	24.990 	23.930 	24.150 	24.690 	24.210 	20.630 	18.870 	: 
A,E7000,LCMPY_IECAP,PC,CY	89.060 	88.260 	87.500 	87.300 	86.270 	86.100 	85.590 	83.240 	80.910 	78.500 	76.230 	: 
A,E7000,LCMPY_IECAP,PC,CZ	61.800 	61.900 	61.900 	61.700 	60.282 	60.686 	60.549 	54.340 	53.310 	51.990 	53.600 	: 
A,E7000,LCMPY_IECAP,PC,DE	29.000 	29.000 	27.000 	27.000 	25.800 	25.100 	22.400 	22.000 	21.000 	18.600 	18.800 	: 
A,E7000,LCMPY_IECAP,PC,DK	46.000 	38.200 	37.220 	36.600 	36.210 	32.708 	32.396 	31.870 	29.906 	27.559 	27.153 	: 
A,E7000,LCMPY_IECAP,PC,EE	77.000 	75.830 	71.690 	70.000 	72.000 	74.000 	76.360 	54.000 	67.000 	67.000 	60.730 	: 
A,E7000,LCMPY_IECAP,PC,EL	60.490 	60.250 	60.250 	60.250 	55.180 	51.100 	51.260 	50.020 	42.830 	39.020 	36.190 	: 
A,E7000,LCMPY_IECAP,PC,ES	23.500 	23.420 	24.650 	22.500 	22.260 	23.530 	22.790 	17.920 	17.470 	15.660 	15.950 	: 
A,E7000,LCMPY_IECAP,PC,FI	21.100 	17.420 	17.010 	17.520 	16.760 	16.830 	15.770 	15.970 	15.530 	13.450 	14.320 	: 
A,E7000,LCMPY_IECAP,PC,FR	76.700 	76.500 	74.900 	71.600 	70.600 	67.200 	65.590 	63.870 	62.560 	59.920 	58.220 	: 
A,E7000,LCMPY_IECAP,PC,GE	: 	: 	34.700 	33.100 	31.600 	31.400 	31.300 	29.000 	28.600 	28.400 	28.200 	: 
A,E7000,LCMPY_IECAP,PC,HR	88.000 	85.650 	84.940 	82.980 	82.310 	82.180 	80.010 	79.090 	74.510 	62.380 	66.250 	: 
A,E7000,LCMPY_IECAP,PC,HU	26.670 	28.050 	29.800 	27.660 	23.660 	42.425 	39.914 	39.816 	47.100 	46.600 	44.930 	: 
A,E7000,LCMPY_IECAP,PC,IE	47.000 	48.000 	45.000 	40.000 	53.000 	53.000 	44.000 	35.000 	44.000 	42.000 	31.000 	: 
A,E7000,LCMPY_IECAP,PC,IT	31.000 	31.000 	28.000 	26.000 	24.000 	24.000 	23.000 	23.000 	22.000 	22.000 	21.000 	: 
A,E7000,LCMPY_IECAP,PC,LT	50.590 	46.740 	35.880 	28.790 	31.720 	31.500 	31.260 	30.200 	28.470 	28.320 	25.700 	: 
A,E7000,LCMPY_IECAP,PC,LU	52.730 	51.720 	51.650 	21.330 	20.730 	20.780 	18.100 	17.150 	14.870 	16.050 	20.180 	: 
A,E7000,LCMPY_IECAP,PC,LV	90.300 	86.760 	86.500 	85.880 	85.470 	86.250 	86.350 	86.630 	86.750 	84.700 	79.840 	: 
A,E7000,LCMPY_IECAP,PC,MD	63.200 	63.200 	63.200 	63.200 	63.200 	63.200 	63.200 	75.640 	70.000 	85.000 	81.100 	: 
A,E7000,LCMPY_IECAP,PC,ME	99.140 	99.140 	98.120 	97.440 	89.860 	89.450 	85.290 	83.710 	83.490 	83.000 	82.210 	: 
A,E7000,LCMPY_IECAP,PC,MK	90.000 	80.600 	79.100 	78.940 	78.400 	71.190 	70.820 	70.300 	69.830 	69.361 	58.076 	51.857 
A,E7000,LCMPY_IECAP,PC,MT	100.000 	100.000 	100.000 	100.000 	37.410 	37.410 	37.410 	37.410 	37.410 	40.560 	37.580 	: 
A,E7000,LCMPY_IECAP,PC,PL	11.760 	11.680 	11.410 	11.250 	10.730 	10.660 	11.820 	10.270 	9.550 	8.710 	6.610 	: 
A,E7000,LCMPY_IECAP,PC,PT	43.800 	44.500 	45.800 	47.600 	48.100 	47.500 	46.830 	46.390 	33.930 	32.950 	31.850 	: 
A,E7000,LCMPY_IECAP,PC,RO	30.060 	28.560 	31.040 	30.360 	30.210 	30.130 	31.800 	33.680 	35.350 	36.120 	36.670 	: 
A,E7000,LCMPY_IECAP,PC,RS	41.900 	41.500 	98.660 	98.350 	98.330 	95.310 	93.560 	95.160 	90.900 	90.810 	88.530 	: 
A,E7000,LCMPY_IECAP,PC,SE	22.990 	22.510 	22.020 	21.740 	22.170 	21.420 	20.820 	20.660 	20.370 	19.320 	18.400 	: 
A,E7000,LCMPY_IECAP,PC,SI	57.500 	53.240 	55.400 	56.400 	56.290 	53.740 	53.040 	52.940 	55.890 	55.960 	54.273 	: 
A,E7000,LCMPY_IECAP,PC,SK	58.090 	67.170 	56.310 	51.650 	49.870 	54.070 	52.830 	53.360 	57.110 	56.630 	56.500 	: 
A,E7000,LCMPY_IECAP,PC,XK	96.380 	96.210 	95.840 	92.910 	92.530 	89.230 	86.600 	86.500 	86.500 	86.500 	86.500 	: 
A,E7000,PCMPY_NEG5,NR,AT	4.000 	4.000 	4.000 	4.000 	4.000 	4.000 	4.000 	4.000 	4.000 	4.000 	4.000 	: 
A,E7000,PCMPY_NEG5,NR,BA	1.000 	1.000 	1.000 	1.000 	1.000 	1.000 	1.000 	1.000 	1.000 	1.000 	1.000 	: 
A,E7000,PCMPY_NEG5,NR,BE	2.000 	2.000 	3.000 	2.000 	2.000 	2.000 	2.000 	2.000 	2.000 	2.000 	2.000 	: 
A,E7000,PCMPY_NEG5,NR,BG	5.000 	5.000 	5.000 	5.000 	5.000 	5.000 	5.000 	5.000 	5.000 	5.000 	4.000 	: 
A,E7000,PCMPY_NEG5,NR,CY	1.000 	1.000 	1.000 	1.000 	1.000 	1.000 	1.000 	1.000 	1.000 	1.000 	1.000 	: 
A,E7000,PCMPY_NEG5,NR,CZ	1.000 	1.000 	1.000 	1.000 	1.000 	2.000 	2.000 	2.000 	2.000 	3.000 	2.000 	: 
A,E7000,PCMPY_NEG5,NR,DE	4.000 	4.000 	4.000 	4.000 	5.000 	5.000 	5.000 	5.000 	4.000 	3.000 	4.000 	: 
A,E7000,PCMPY_NEG5,NR,DK	2.000 	3.000 	3.000 	2.000 	1.000 	1.000 	2.000 	2.000 	2.000 	2.000 	2.000 	: 
A,E7000,PCMPY_NEG5,NR,EE	1.000 	1.000 	1.000 	1.000 	1.000 	1.000 	1.000 	3.000 	3.000 	2.000 	2.000 	: 
A,E7000,PCMPY_NEG5,NR,EL	3.000 	3.000 	2.000 	3.000 	3.000 	3.000 	3.000 	3.000 	3.000 	3.000 	3.000 	: 
A,E7000,PCMPY_NEG5,NR,ES	5.000 	4.000 	4.000 	4.000 	4.000 	4.000 	5.000 	4.000 	4.000 	4.000 	4.000 	: 
A,E7000,PCMPY_NEG5,NR,FI	4.000 	4.000 	4.000 	4.000 	4.000 	4.000 	4.000 	4.000 	4.000 	3.000 	3.000 	: 
A,E7000,PCMPY_NEG5,NR,FR	2.000 	2.000 	2.000 	2.000 	2.000 	2.000 	2.000 	2.000 	2.000 	2.000 	2.000 	: 
A,E7000,PCMPY_NEG5,NR,GE	: 	: 	4.000 	4.000 	4.000 	4.000 	4.000 	5.000 	5.000 	6.000 	4.000 	: 
A,E7000,PCMPY_NEG5,NR,HR	2.000 	2.000 	2.000 	2.000 	1.000 	1.000 	1.000 	1.000 	1.000 	1.000 	1.000 	: 
A,E7000,PCMPY_NEG5,NR,HU	2.000 	2.000 	2.000 	3.000 	4.000 	3.000 	3.000 	3.000 	2.000 	2.000 	2.000 	: 
A,E7000,PCMPY_NEG5,NR,IE	6.000 	6.000 	5.000 	5.000 	4.000 	5.000 	5.000 	5.000 	4.000 	4.000 	5.000 	: 
A,E7000,PCMPY_NEG5,NR,IT	4.000 	3.000 	3.000 	3.000 	3.000 	3.000 	3.000 	3.000 	3.000 	3.000 	3.000 	: 
A,E7000,PCMPY_NEG5,NR,LT	6.000 	6.000 	6.000 	5.000 	4.000 	4.000 	4.000 	3.000 	4.000 	4.000 	3.000 	: 
A,E7000,PCMPY_NEG5,NR,LU	3.000 	2.000 	4.000 	4.000 	4.000 	5.000 	5.000 	5.000 	4.000 	4.000 	4.000 	: 
A,E7000,PCMPY_NEG5,NR,LV	1.000 	1.000 	1.000 	1.000 	1.000 	1.000 	1.000 	1.000 	1.000 	2.000 	2.000 	: 
A,E7000,PCMPY_NEG5,NR,MD	4.000 	4.000 	4.000 	3.000 	3.000 	3.000 	3.000 	3.000 	3.000 	2.000 	2.000 	: 
A,E7000,PCMPY_NEG5,NR,ME	1.000 	1.000 	1.000 	1.000 	1.000 	1.000 	2.000 	2.000 	2.000 	2.000 	1.000 	: 
A,E7000,PCMPY_NEG5,NR,MK	2.000 	1.000 	1.000 	2.000 	2.000 	2.000 	2.000 	2.000 	2.000 	3.000 	3.000 	2.000 
A,E7000,PCMPY_NEG5,NR,MT	1.000 	1.000 	1.000 	1.000 	3.000 	2.000 	2.000 	2.000 	2.000 	2.000 	2.000 	: 
A,E7000,PCMPY_NEG5,NR,NL	4.000 	4.000 	4.000 	4.000 	4.000 	4.000 	5.000 	4.000 	4.000 	4.000 	3.000 	: 
A,E7000,PCMPY_NEG5,NR,NO	3.000 	3.000 	5.000 	4.000 	2.000 	3.000 	2.000 	3.000 	4.000 	2.000 	3.000 	: 
A,E7000,PCMPY_NEG5,NR,PL	4.000 	4.000 	2.000 	3.000 	3.000 	3.000 	3.000 	3.000 	4.000 	4.000 	4.000 	: 
A,E7000,PCMPY_NEG5,NR,PT	4.000 	4.000 	4.000 	5.000 	5.000 	5.000 	5.000 	5.000 	5.000 	6.000 	5.000 	: 
A,E7000,PCMPY_NEG5,NR,RO	5.000 	3.000 	3.000 	3.000 	3.000 	4.000 	4.000 	4.000 	4.000 	4.000 	4.000 	: 
A,E7000,PCMPY_NEG5,NR,RS	4.000 	4.000 	1.000 	1.000 	1.000 	1.000 	1.000 	1.000 	1.000 	1.000 	1.000 	: 
A,E7000,PCMPY_NEG5,NR,SE	4.000 	5.000 	6.000 	5.000 	5.000 	5.000 	5.000 	6.000 	5.000 	6.000 	5.000 	: 
A,E7000,PCMPY_NEG5,NR,SI	2.000 	2.000 	2.000 	2.000 	2.000 	2.000 	2.000 	2.000 	2.000 	2.000 	2.000 	: 
A,E7000,PCMPY_NEG5,NR,SK	1.000 	1.000 	2.000 	2.000 	2.000 	2.000 	3.000 	3.000 	3.000 	2.000 	2.000 	: 
A,E7000,PCMPY_NEG5,NR,TR	2.000 	2.000 	2.000 	2.000 	3.000 	2.000 	2.000 	3.000 	2.000 	2.000 	2.000 	: 
A,E7000,PCMPY_NEG5,NR,XK	1.000 	1.000 	1.000 	1.000 	1.000 	1.000 	1.000 	1.000 	1.000 	1.000 	1.000 	: 
A,E7000,RCMPY_NEG95,NR,AT	169.000 	201.000 	192.000 	226.000 	228.000 	226.000 	307.000 	455.000 	541.000 	658.000 	1188.000 	: 
A,E7000,RCMPY_NEG95,NR,BA	2.000 	2.000 	2.000 	3.000 	3.000 	3.000 	3.000 	3.000 	3.000 	3.000 	4.000 	: 
A,E7000,RCMPY_NEG95,NR,BE	70.000 	100.000 	350.000 	320.000 	310.000 	329.000 	355.000 	329.000 	362.000 	390.000 	419.000 	: 
A,E7000,RCMPY_NEG95,NR,BG	83.000 	55.000 	75.000 	79.000 	113.000 	133.000 	134.000 	98.000 	94.000 	111.000 	231.000 	: 
A,E7000,RCMPY_NEG95,NR,CY	2.000 	2.000 	3.000 	3.000 	3.000 	3.000 	3.000 	6.000 	17.000 	34.000 	46.000 	: 
A,E7000,RCMPY_NEG95,NR,CZ	21.000 	45.000 	47.000 	48.000 	47.000 	45.000 	43.000 	42.000 	37.000 	35.000 	36.000 	: 
A,E7000,RCMPY_NEG95,NR,DE	: 	: 	: 	: 	: 	: 	: 	: 	: 	: 	0.000 	: 
A,E7000,RCMPY_NEG95,NR,DK	1450.000 	1550.000 	1300.000 	1350.000 	1300.000 	1300.000 	1300.000 	1800.000 	1030.000 	1150.000 	900.000 	: 
A,E7000,RCMPY_NEG95,NR,EE	8.000 	10.000 	11.000 	11.000 	9.000 	9.000 	12.000 	13.000 	12.000 	15.000 	15.000 	: 
A,E7000,RCMPY_NEG95,NR,EL	3.000 	3.000 	2.000 	5.000 	3.000 	4.000 	4.000 	3.000 	3.000 	3.000 	3.000 	: 
A,E7000,RCMPY_NEG95,NR,ES	10.000 	10.000 	10.000 	10.000 	10.000 	10.000 	10.000 	10.000 	72.000 	57.000 	57.000 	: 
A,E7000,RCMPY_NEG95,NR,FI	32.000 	35.000 	38.000 	37.000 	42.000 	44.000 	43.000 	35.000 	49.000 	52.000 	51.000 	: 
A,E7000,RCMPY_NEG95,NR,FR	5.000 	5.000 	5.000 	5.000 	5.000 	5.000 	5.000 	5.000 	5.000 	5.000 	5.000 	: 
A,E7000,RCMPY_NEG95,NR,GE	: 	: 	71.000 	77.000 	82.000 	91.000 	100.000 	104.000 	108.000 	115.000 	122.000 	: 
A,E7000,RCMPY_NEG95,NR,HR	2.000 	3.000 	6.000 	7.000 	12.000 	16.000 	24.000 	27.000 	31.000 	35.000 	29.000 	: 
A,E7000,RCMPY_NEG95,NR,HU	45.000 	39.000 	39.000 	26.000 	30.000 	39.000 	71.000 	115.000 	434.000 	665.000 	872.000 	: 
A,E7000,RCMPY_NEG95,NR,IE	7.000 	8.000 	9.000 	9.000 	9.000 	7.000 	9.000 	18.000 	21.000 	21.000 	25.000 	: 
A,E7000,RCMPY_NEG95,NR,IT	493.000 	652.000 	654.000 	715.000 	688.000 	813.000 	848.000 	911.000 	860.000 	752.000 	922.000 	: 
A,E7000,RCMPY_NEG95,NR,LT	20.000 	20.000 	23.000 	27.000 	25.000 	25.000 	26.000 	27.000 	29.000 	35.000 	35.000 	: 
A,E7000,RCMPY_NEG95,NR,LU	10.000 	10.000 	10.000 	10.000 	10.000 	10.000 	10.000 	10.000 	10.000 	10.000 	10.000 	: 
A,E7000,RCMPY_NEG95,NR,LV	43.000 	76.000 	80.000 	84.000 	96.000 	72.000 	67.000 	71.000 	62.000 	45.000 	32.000 	: 
A,E7000,RCMPY_NEG95,NR,MD	4.000 	4.000 	4.000 	4.000 	4.000 	4.000 	4.000 	9.000 	14.000 	10.000 	12.000 	: 
A,E7000,RCMPY_NEG95,NR,ME	1.000 	1.000 	1.000 	1.000 	1.000 	2.000 	2.000 	3.000 	3.000 	4.000 	4.000 	: 
A,E7000,RCMPY_NEG95,NR,MK	2.000 	3.000 	3.000 	4.000 	3.000 	3.000 	3.000 	4.000 	4.000 	3.000 	3.000 	2.000 
A,E7000,RCMPY_NEG95,NR,MT	1.000 	1.000 	1.000 	1.000 	3.000 	3.000 	3.000 	3.000 	3.000 	3.000 	3.000 	: 
A,E7000,RCMPY_NEG95,NR,NL	700.000 	350.000 	650.000 	300.000 	350.000 	350.000 	350.000 	400.000 	450.000 	424.000 	504.000 	: 
A,E7000,RCMPY_NEG95,NR,NO	169.000 	183.000 	182.000 	194.000 	196.000 	189.000 	209.000 	219.000 	89.000 	110.000 	106.000 	: 
A,E7000,RCMPY_NEG95,NR,PL	103.000 	128.000 	162.000 	197.000 	211.000 	202.000 	241.000 	326.000 	409.000 	702.000 	3350.000 	: 
A,E7000,RCMPY_NEG95,NR,PT	65.000 	66.000 	69.000 	54.000 	48.000 	62.000 	80.000 	83.000 	95.000 	82.000 	101.000 	: 
A,E7000,RCMPY_NEG95,NR,RO	15.000 	27.000 	29.000 	29.000 	32.000 	27.000 	29.000 	30.000 	28.000 	26.000 	34.000 	: 
A,E7000,RCMPY_NEG95,NR,RS	4.000 	4.000 	1.000 	1.000 	1.000 	1.000 	1.000 	1.000 	1.000 	1.000 	1.000 	: 
A,E7000,RCMPY_NEG95,NR,SE	78.000 	84.000 	100.000 	96.000 	100.000 	93.000 	113.000 	132.000 	132.000 	142.000 	160.000 	: 
A,E7000,RCMPY_NEG95,NR,SI	3.000 	3.000 	3.000 	3.000 	3.000 	3.000 	4.000 	4.000 	3.000 	3.000 	4.000 	: 
A,E7000,RCMPY_NEG95,NR,SK	10.000 	17.000 	21.000 	22.000 	22.000 	23.000 	24.000 	25.000 	23.000 	20.000 	16.000 	: 
A,E7000,RCMPY_NEG95,NR,TR	87.000 	150.000 	209.000 	225.000 	246.000 	277.000 	318.000 	319.000 	366.000 	403.000 	367.000 	: 
A,E7000,RCMPY_NEG95,NR,XK	1.000 	1.000 	1.000 	1.000 	1.000 	1.000 	1.000 	1.000 	1.000 	1.000 	1.000 	: 
A,G3000,CMPY_LNG,PC,BA	100.000 	88.750 	84.840 	75.020 	74.030 	72.680 	79.520 	84.080 	41.370 	79.600 	79.300 	: 
A,G3000,CMPY_LNG,PC,BE	32.700 	33.400 	32.600 	30.300 	26.200 	31.800 	31.400 	35.300 	39.600 	41.200 	41.700 	: 
A,G3000,CMPY_LNG,PC,BG	81.350 	84.130 	86.710 	97.070 	97.610 	98.950 	91.050 	73.600 	80.490 	65.960 	59.200 	: 
A,G3000,CMPY_LNG,PC,CZ	69.000 	48.400 	51.040 	22.750 	33.461 	46.460 	31.840 	26.406 	25.676 	29.990 	22.590 	: 
A,G3000,CMPY_LNG,PC,DE	: 	: 	: 	: 	: 	: 	: 	: 	: 	: 	0.000 	: 
A,G3000,CMPY_LNG,PC,DK	: 	: 	: 	: 	: 	: 	: 	: 	: 	: 	0.000 	: 
A,G3000,CMPY_LNG,PC,EE	84.000 	100.000 	100.000 	100.000 	73.580 	76.150 	61.010 	56.850 	55.600 	47.000 	86.773 	: 
A,G3000,CMPY_LNG,PC,EL	98.780 	94.950 	92.480 	95.000 	75.870 	71.470 	40.630 	35.850 	38.280 	30.470 	34.480 	: 
A,G3000,CMPY_LNG,PC,ES	49.050 	45.100 	45.440 	42.750 	38.680 	43.470 	33.790 	24.940 	33.760 	31.700 	27.656 	25.099 
A,G3000,CMPY_LNG,PC,FI	100.000 	100.000 	100.000 	100.000 	100.000 	100.000 	100.000 	59.380 	62.610 	53.830 	47.710 	: 
A,G3000,CMPY_LNG,PC,FR	60.800 	51.300 	53.700 	59.600 	58.900 	54.800 	46.700 	55.700 	57.600 	46.100 	42.700 	: 
A,G3000,CMPY_LNG,PC,GE	: 	: 	47.000 	50.500 	59.000 	61.300 	60.500 	56.000 	55.030 	53.920 	64.590 	: 
A,G3000,CMPY_LNG,PC,HR	62.060 	64.100 	61.200 	56.890 	47.970 	45.790 	44.520 	51.320 	28.430 	33.860 	27.120 	: 
A,G3000,CMPY_LNG,PC,HU	50.450 	52.080 	39.870 	53.570 	39.953 	34.393 	43.703 	41.622 	38.413 	38.031 	47.188 	: 
A,G3000,CMPY_LNG,PC,IE	41.010 	43.670 	44.890 	41.590 	35.990 	23.380 	29.840 	26.830 	21.790 	22.000 	21.689 	: 
A,G3000,CMPY_LNG,PC,IT	53.400 	57.600 	54.000 	53.320 	53.000 	54.040 	47.570 	47.600 	48.400 	41.900 	32.300 	: 
A,G3000,CMPY_LNG,PC,LT	40.100 	46.900 	42.000 	52.600 	54.500 	61.000 	58.900 	57.140 	62.000 	32.200 	23.400 	: 
A,G3000,CMPY_LNG,PC,LU	94.940 	93.770 	67.640 	73.320 	78.730 	78.410 	78.600 	79.360 	80.320 	79.580 	79.520 	: 
A,G3000,CMPY_LNG,PC,LV	100.000 	100.000 	100.000 	100.000 	54.180 	45.480 	57.150 	52.880 	45.570 	36.820 	55.000 	: 
A,G3000,CMPY_LNG,PC,MD	100.000 	100.000 	100.000 	100.000 	100.000 	100.000 	100.000 	100.000 	100.000 	89.990 	94.100 	: 
A,G3000,CMPY_LNG,PC,MK	70.200 	62.500 	66.400 	57.460 	63.580 	39.330 	77.450 	74.950 	81.520 	69.528 	75.287 	72.111 
A,G3000,CMPY_LNG,PC,MT	: 	: 	: 	: 	100.000 	100.000 	100.000 	100.000 	100.000 	100.000 	100.000 	: 
A,G3000,CMPY_LNG,PC,PL	92.090 	88.040 	82.480 	83.050 	89.730 	88.780 	88.080 	87.620 	88.330 	92.230 	89.930 	: 
A,G3000,CMPY_LNG,PC,PT	87.100 	79.730 	72.110 	67.730 	66.000 	68.761 	59.540 	59.890 	51.442 	48.573 	43.886 	: 
A,G3000,CMPY_LNG,PC,RO	42.940 	47.080 	47.220 	45.660 	43.640 	43.030 	41.415 	39.770 	38.990 	41.710 	43.198 	: 
A,G3000,CMPY_LNG,PC,RS	47.000 	64.000 	76.000 	74.000 	78.000 	79.000 	84.000 	79.000 	79.000 	88.000 	92.600 	: 
A,G3000,CMPY_LNG,PC,SE	100.000 	100.000 	100.000 	100.000 	100.000 	100.000 	100.000 	100.000 	100.000 	100.000 	100.000 	: 
A,G3000,CMPY_LNG,PC,SI	81.500 	73.890 	77.120 	72.270 	67.140 	72.580 	73.830 	76.660 	76.540 	78.410 	80.430 	: 
A,G3000,CMPY_LNG,PC,SK	67.530 	69.510 	65.320 	68.920 	76.150 	73.360 	59.310 	78.460 	80.530 	91.560 	93.570 	: 
A,G3000,CMPY_NG,NR,AT	6.000 	46.000 	46.000 	41.000 	48.000 	55.000 	55.000 	56.000 	60.000 	73.000 	75.000 	: 
A,G3000,CMPY_NG,NR,BA	1.000 	2.000 	2.000 	2.000 	2.000 	2.000 	2.000 	2.000 	3.000 	3.000 	3.000 	: 
A,G3000,CMPY_NG,NR,BE	19.000 	22.000 	23.000 	24.000 	23.000 	21.000 	21.000 	18.000 	16.000 	15.000 	15.000 	: 
A,G3000,CMPY_NG,NR,BG	6.000 	6.000 	5.000 	4.000 	4.000 	4.000 	9.000 	19.000 	15.000 	21.000 	16.000 	: 
A,G3000,CMPY_NG,NR,CY	0.000 	0.000 	0.000 	0.000 	0.000 	0.000 	0.000 	0.000 	0.000 	0.000 	: 	: 
A,G3000,CMPY_NG,NR,CZ	26.000 	27.000 	36.000 	36.000 	24.000 	20.000 	26.000 	24.000 	26.000 	49.000 	44.000 	: 
A,G3000,CMPY_NG,NR,DE	30.000 	24.000 	23.000 	26.000 	26.000 	25.000 	25.000 	23.000 	22.000 	26.000 	26.000 	: 
A,G3000,CMPY_NG,NR,DK	: 	: 	: 	: 	: 	: 	: 	: 	: 	: 	0.000 	: 
A,G3000,CMPY_NG,NR,EE	2.000 	1.000 	1.000 	1.000 	4.000 	4.000 	6.000 	6.000 	6.000 	8.000 	11.000 	: 
A,G3000,CMPY_NG,NR,EL	2.000 	2.000 	2.000 	3.000 	6.000 	6.000 	9.000 	7.000 	11.000 	14.000 	13.000 	: 
A,G3000,CMPY_NG,NR,ES	25.000 	32.000 	32.000 	29.000 	32.000 	31.000 	33.000 	35.000 	39.000 	46.000 	40.000 	43.000 
A,G3000,CMPY_NG,NR,FI	1.000 	1.000 	1.000 	1.000 	1.000 	1.000 	1.000 	21.000 	18.000 	13.000 	24.000 	: 
A,G3000,CMPY_NG,NR,FR	29.000 	29.000 	29.000 	29.000 	29.000 	36.000 	40.000 	35.000 	42.000 	46.000 	51.000 	: 
A,G3000,CMPY_NG,NR,GE	: 	: 	6.000 	9.000 	5.000 	6.000 	5.000 	5.000 	4.000 	3.000 	4.000 	: 
A,G3000,CMPY_NG,NR,HR	5.000 	6.000 	4.000 	7.000 	9.000 	7.000 	8.000 	7.000 	8.000 	8.000 	8.000 	: 
A,G3000,CMPY_NG,NR,HU	23.000 	29.000 	40.000 	34.000 	44.000 	48.000 	52.000 	42.000 	52.000 	51.000 	55.000 	: 
A,G3000,CMPY_NG,NR,IE	14.000 	12.000 	13.000 	10.000 	11.000 	10.000 	9.000 	12.000 	13.000 	16.000 	17.000 	: 
A,G3000,CMPY_NG,NR,IT	77.000 	78.000 	82.000 	73.000 	70.000 	64.000 	74.000 	64.000 	65.000 	65.000 	65.000 	: 
A,G3000,CMPY_NG,NR,LT	5.000 	6.000 	6.000 	8.000 	5.000 	6.000 	7.000 	10.000 	12.000 	26.000 	23.000 	: 
A,G3000,CMPY_NG,NR,LU	3.000 	4.000 	4.000 	6.000 	5.000 	5.000 	5.000 	4.000 	3.000 	3.000 	3.000 	: 
A,G3000,CMPY_NG,NR,LV	1.000 	1.000 	1.000 	1.000 	6.000 	12.000 	16.000 	17.000 	16.000 	13.000 	16.000 	: 
A,G3000,CMPY_NG,NR,MD	1.000 	1.000 	2.000 	2.000 	2.000 	2.000 	2.000 	2.000 	2.000 	2.000 	7.000 	: 
A,G3000,CMPY_NG,NR,ME	0.000 	0.000 	0.000 	0.000 	0.000 	0.000 	0.000 	0.000 	0.000 	0.000 	0.000 	: 
A,G3000,CMPY_NG,NR,MK	4.000 	4.000 	4.000 	4.000 	4.000 	4.000 	2.000 	2.000 	2.000 	2.000 	4.000 	6.000 
A,G3000,CMPY_NG,NR,MT	: 	: 	: 	: 	1.000 	1.000 	1.000 	1.000 	1.000 	1.000 	1.000 	: 
A,G3000,CMPY_NG,NR,PL	30.000 	47.000 	58.000 	66.000 	50.000 	36.000 	35.000 	34.000 	39.000 	40.000 	41.000 	: 
A,G3000,CMPY_NG,NR,PT	7.000 	8.000 	8.000 	7.000 	9.000 	9.000 	11.000 	10.000 	12.000 	16.000 	14.000 	: 
A,G3000,CMPY_NG,NR,RO	19.000 	20.000 	15.000 	16.000 	18.000 	23.000 	26.000 	25.000 	33.000 	32.000 	34.000 	: 
A,G3000,CMPY_NG,NR,RS	3.000 	2.000 	2.000 	2.000 	2.000 	2.000 	2.000 	2.000 	2.000 	2.000 	2.000 	: 
A,G3000,CMPY_NG,NR,SE	1.000 	1.000 	1.000 	1.000 	1.000 	1.000 	1.000 	1.000 	1.000 	1.000 	1.000 	: 
A,G3000,CMPY_NG,NR,SI	7.000 	8.000 	8.000 	8.000 	9.000 	5.000 	4.000 	4.000 	4.000 	4.000 	4.000 	: 
A,G3000,CMPY_NG,NR,SK	8.000 	10.000 	11.000 	8.000 	11.000 	10.000 	10.000 	8.000 	9.000 	6.000 	6.000 	: 
A,G3000,CMPY_NG,NR,TR	17.000 	18.000 	18.000 	18.000 	19.000 	19.000 	15.000 	18.000 	18.000 	14.000 	14.000 	: 
A,G3000,CMPY_NG,NR,XK	0.000 	0.000 	0.000 	0.000 	0.000 	0.000 	0.000 	0.000 	0.000 	0.000 	0.000 	: 
A,G3000,CMPY_NG5,NR,AT	3.000 	3.000 	3.000 	3.000 	4.000 	3.000 	3.000 	3.000 	3.000 	3.000 	3.000 	: 
A,G3000,CMPY_NG5,NR,BA	1.000 	2.000 	2.000 	2.000 	2.000 	2.000 	2.000 	2.000 	3.000 	2.000 	2.000 	: 
A,G3000,CMPY_NG5,NR,BE	4.000 	5.000 	6.000 	5.000 	4.000 	4.000 	5.000 	5.000 	6.000 	5.000 	4.000 	: 
A,G3000,CMPY_NG5,NR,BG	3.000 	2.000 	2.000 	1.000 	1.000 	1.000 	1.000 	3.000 	3.000 	4.000 	4.000 	: 
A,G3000,CMPY_NG5,NR,CY	0.000 	0.000 	0.000 	0.000 	0.000 	0.000 	0.000 	0.000 	0.000 	0.000 	: 	: 
A,G3000,CMPY_NG5,NR,CZ	2.000 	3.000 	3.000 	7.000 	4.000 	3.000 	5.000 	6.000 	5.000 	5.000 	5.000 	: 
A,G3000,CMPY_NG5,NR,DE	: 	: 	: 	: 	: 	: 	: 	: 	: 	: 	0.000 	: 
A,G3000,CMPY_NG5,NR,DK	: 	: 	: 	: 	: 	: 	: 	: 	: 	: 	0.000 	: 
A,G3000,CMPY_NG5,NR,EE	2.000 	1.000 	1.000 	1.000 	2.000 	2.000 	4.000 	4.000 	4.000 	5.000 	2.000 	: 
A,G3000,CMPY_NG5,NR,EL	2.000 	2.000 	2.000 	1.000 	2.000 	3.000 	4.000 	4.000 	5.000 	5.000 	5.000 	: 
A,G3000,CMPY_NG5,NR,ES	4.000 	3.000 	6.000 	6.000 	6.000 	5.000 	6.000 	9.000 	5.000 	3.000 	3.000 	3.000 
A,G3000,CMPY_NG5,NR,FI	1.000 	1.000 	1.000 	1.000 	1.000 	1.000 	1.000 	5.000 	4.000 	4.000 	4.000 	: 
A,G3000,CMPY_NG5,NR,FR	4.000 	4.000 	3.000 	3.000 	3.000 	3.000 	3.000 	4.000 	4.000 	4.000 	5.000 	: 
A,G3000,CMPY_NG5,NR,GE	: 	: 	4.000 	2.000 	3.000 	2.000 	2.000 	2.000 	2.000 	2.000 	2.000 	: 
A,G3000,CMPY_NG5,NR,HR	3.000 	3.000 	2.000 	2.000 	2.000 	3.000 	3.000 	3.000 	5.000 	4.000 	5.000 	: 
A,G3000,CMPY_NG5,NR,HU	5.000 	4.000 	4.000 	3.000 	5.000 	5.000 	4.000 	5.000 	4.000 	4.000 	3.000 	: 
A,G3000,CMPY_NG5,NR,IE	5.000 	4.000 	5.000 	6.000 	5.000 	7.000 	6.000 	7.000 	8.000 	9.000 	6.000 	: 
A,G3000,CMPY_NG5,NR,IT	3.000 	3.000 	3.000 	3.000 	3.000 	3.000 	3.000 	3.000 	5.000 	5.000 	6.000 	: 
A,G3000,CMPY_NG5,NR,LT	4.000 	5.000 	3.000 	3.000 	3.000 	3.000 	3.000 	2.000 	3.000 	4.000 	6.000 	: 
A,G3000,CMPY_NG5,NR,LU	1.000 	1.000 	3.000 	3.000 	2.000 	2.000 	2.000 	2.000 	2.000 	2.000 	2.000 	: 
A,G3000,CMPY_NG5,NR,LV	1.000 	1.000 	1.000 	1.000 	2.000 	2.000 	3.000 	4.000 	4.000 	5.000 	4.000 	: 
A,G3000,CMPY_NG5,NR,MD	1.000 	1.000 	1.000 	1.000 	1.000 	1.000 	1.000 	1.000 	1.000 	2.000 	1.000 	: 
A,G3000,CMPY_NG5,NR,ME	0.000 	0.000 	0.000 	0.000 	0.000 	0.000 	0.000 	0.000 	0.000 	0.000 	0.000 	: 
A,G3000,CMPY_NG5,NR,MK	2.000 	2.000 	2.000 	3.000 	3.000 	3.000 	2.000 	2.000 	2.000 	2.000 	3.000 	3.000 
A,G3000,CMPY_NG5,NR,MT	: 	: 	: 	: 	1.000 	1.000 	1.000 	1.000 	1.000 	1.000 	1.000 	: 
A,G3000,CMPY_NG5,NR,PL	1.000 	1.000 	1.000 	1.000 	1.000 	1.000 	2.000 	2.000 	2.000 	1.000 	1.000 	: 
A,G3000,CMPY_NG5,NR,PT	2.000 	3.000 	3.000 	4.000 	4.000 	4.000 	4.000 	4.000 	4.000 	4.000 	4.000 	: 
A,G3000,CMPY_NG5,NR,RO	2.000 	2.000 	2.000 	3.000 	2.000 	2.000 	4.000 	4.000 	4.000 	4.000 	3.000 	: 
A,G3000,CMPY_NG5,NR,RS	3.000 	2.000 	2.000 	2.000 	2.000 	2.000 	2.000 	2.000 	2.000 	2.000 	2.000 	: 
A,G3000,CMPY_NG5,NR,SE	1.000 	1.000 	1.000 	1.000 	1.000 	1.000 	1.000 	1.000 	1.000 	1.000 	1.000 	: 
A,G3000,CMPY_NG5,NR,SI	3.000 	3.000 	3.000 	3.000 	4.000 	3.000 	3.000 	3.000 	3.000 	3.000 	3.000 	: 
A,G3000,CMPY_NG5,NR,SK	3.000 	3.000 	3.000 	3.000 	3.000 	3.000 	3.000 	2.000 	2.000 	2.000 	1.000 	: 
A,G3000,CMPY_NG5,NR,TR	3.000 	2.000 	1.000 	1.000 	1.000 	1.000 	1.000 	1.000 	1.000 	1.000 	1.000 	: 
A,G3000,CMPY_NG5,NR,XK	0.000 	0.000 	0.000 	0.000 	0.000 	0.000 	0.000 	0.000 	0.000 	0.000 	0.000 	: 
A,G3000,CMPY_NG5,PC,AT	95.000 	65.000 	69.000 	73.000 	74.000 	78.000 	79.000 	78.000 	81.000 	57.000 	69.000 	: 
A,G3000,CMPY_NG5,PC,BA	100.000 	100.000 	100.000 	100.000 	100.000 	100.000 	100.000 	100.000 	100.000 	98.610 	97.080 	: 
A,G3000,CMPY_NG5,PC,BE	80.400 	82.600 	83.800 	81.600 	66.400 	59.300 	67.600 	73.200 	81.100 	79.300 	72.200 	: 
A,G3000,CMPY_NG5,PC,BG	98.020 	93.170 	96.690 	97.070 	97.610 	98.950 	91.050 	87.950 	92.480 	98.430 	94.278 	: 
A,G3000,CMPY_NG5,PC,CZ	82.000 	82.300 	85.520 	86.840 	89.260 	95.180 	89.490 	82.757 	86.665 	65.820 	64.440 	: 
A,G3000,CMPY_NG5,PC,DE	: 	: 	: 	: 	: 	: 	: 	: 	: 	: 	0.000 	: 
A,G3000,CMPY_NG5,PC,DK	: 	: 	: 	: 	: 	: 	: 	: 	: 	: 	0.000 	: 
A,G3000,CMPY_NG5,PC,EE	100.000 	100.000 	100.000 	100.000 	91.110 	89.150 	97.320 	98.740 	97.780 	99.000 	94.698 	: 
A,G3000,CMPY_NG5,PC,EL	98.780 	100.000 	100.000 	95.000 	94.420 	99.910 	93.870 	92.910 	90.980 	90.160 	88.140 	: 
A,G3000,CMPY_NG5,PC,ES	71.790 	61.260 	80.970 	82.410 	75.410 	77.380 	66.370 	81.080 	67.850 	50.700 	45.887 	44.026 
A,G3000,CMPY_NG5,PC,FI	100.000 	100.000 	100.000 	100.000 	100.000 	100.000 	100.000 	87.220 	86.750 	95.610 	85.980 	: 
A,G3000,CMPY_NG5,PC,FR	90.300 	88.200 	84.100 	84.300 	82.700 	80.200 	82.400 	91.200 	91.400 	86.300 	83.000 	: 
A,G3000,CMPY_NG5,PC,GE	: 	: 	100.000 	91.700 	99.700 	97.200 	99.600 	99.000 	99.600 	99.600 	97.340 	: 
A,G3000,CMPY_NG5,PC,HR	98.240 	95.800 	97.300 	90.200 	89.030 	93.940 	89.570 	89.460 	93.090 	91.220 	98.320 	: 
A,G3000,CMPY_NG5,PC,HU	91.010 	88.680 	82.430 	82.390 	77.945 	75.607 	74.321 	77.385 	67.629 	63.743 	64.772 	: 
A,G3000,CMPY_NG5,PC,IE	83.260 	79.910 	84.530 	95.870 	92.000 	99.730 	96.160 	92.130 	94.060 	94.000 	80.248 	: 
A,G3000,CMPY_NG5,PC,IT	81.600 	84.500 	86.000 	84.750 	85.170 	83.440 	76.310 	82.100 	87.400 	82.600 	84.300 	: 
A,G3000,CMPY_NG5,PC,LT	99.600 	99.600 	93.100 	96.900 	98.200 	97.600 	97.700 	93.000 	92.290 	87.300 	91.900 	: 
A,G3000,CMPY_NG5,PC,LU	94.940 	93.770 	95.390 	98.340 	97.830 	98.310 	98.110 	98.420 	98.270 	98.760 	99.740 	: 
A,G3000,CMPY_NG5,PC,LV	100.000 	100.000 	100.000 	100.000 	92.260 	90.950 	88.990 	93.420 	95.600 	89.690 	85.710 	: 
A,G3000,CMPY_NG5,PC,MD	100.000 	100.000 	100.000 	100.000 	100.000 	100.000 	100.000 	100.000 	100.000 	100.000 	94.100 	: 
A,G3000,CMPY_NG5,PC,MK	98.400 	98.600 	98.500 	96.310 	97.710 	97.960 	100.000 	100.000 	100.000 	100.000 	99.938 	97.044 
A,G3000,CMPY_NG5,PC,MT	: 	: 	: 	: 	100.000 	100.000 	100.000 	100.000 	100.000 	100.000 	100.000 	: 
A,G3000,CMPY_NG5,PC,PL	92.090 	88.040 	82.480 	83.050 	89.730 	88.780 	95.680 	93.940 	95.540 	92.230 	89.930 	: 
A,G3000,CMPY_NG5,PC,PT	95.840 	95.940 	93.780 	97.080 	98.530 	97.617 	97.550 	98.830 	97.079 	98.340 	95.843 	: 
A,G3000,CMPY_NG5,PC,RO	85.450 	90.040 	92.580 	89.430 	84.840 	83.860 	88.644 	88.780 	88.690 	84.730 	87.770 	: 
A,G3000,CMPY_NG5,PC,RS	95.000 	86.000 	95.000 	90.000 	92.000 	91.000 	95.000 	89.000 	86.000 	93.700 	100.000 	: 
A,G3000,CMPY_NG5,PC,SE	100.000 	100.000 	100.000 	100.000 	100.000 	100.000 	100.000 	100.000 	100.000 	100.000 	100.000 	: 
A,G3000,CMPY_NG5,PC,SI	99.300 	97.550 	97.330 	96.220 	96.730 	97.490 	99.720 	99.740 	99.730 	99.720 	99.710 	: 
A,G3000,CMPY_NG5,PC,SK	96.730 	94.960 	97.490 	98.730 	95.730 	97.090 	91.910 	94.050 	93.500 	98.180 	93.570 	: 
A,G3000,CMPY_NG5,PC,TR	88.850 	82.510 	84.630 	96.420 	84.040 	83.910 	95.420 	90.010 	92.800 	95.000 	89.030 	: 
A,G3000,GRTL,NR,AT	45.000 	54.000 	56.000 	64.000 	65.000 	69.000 	71.000 	72.000 	68.000 	61.000 	57.000 	: 
A,G3000,GRTL,NR,BA	5.000 	5.000 	5.000 	5.000 	5.000 	5.000 	7.000 	7.000 	7.000 	7.000 	7.000 	: 
A,G3000,GRTL,NR,BE	29.000 	37.000 	46.000 	40.000 	41.000 	37.000 	41.000 	40.000 	38.000 	30.000 	30.000 	: 
A,G3000,GRTL,NR,BG	23.000 	21.000 	22.000 	21.000 	21.000 	19.000 	21.000 	21.000 	27.000 	27.000 	26.000 	: 
A,G3000,GRTL,NR,CY	0.000 	0.000 	0.000 	0.000 	0.000 	0.000 	0.000 	0.000 	0.000 	0.000 	: 	: 
A,G3000,GRTL,NR,CZ	74.000 	80.000 	88.000 	98.000 	110.000 	63.000 	125.000 	133.000 	137.000 	99.000 	110.000 	: 
A,G3000,GRTL,NR,DE	825.000 	854.000 	946.000 	983.000 	995.000 	990.000 	985.000 	979.000 	979.000 	979.000 	973.000 	: 
A,G3000,GRTL,NR,DK	14.000 	20.000 	17.000 	18.000 	15.000 	14.000 	13.000 	12.000 	12.000 	12.000 	13.000 	: 
A,G3000,GRTL,NR,EE	23.000 	22.000 	21.000 	24.000 	24.000 	37.000 	39.000 	36.000 	28.000 	23.000 	21.000 	: 
A,G3000,GRTL,NR,EL	11.000 	16.000 	21.000 	29.000 	39.000 	21.000 	25.000 	24.000 	22.000 	23.000 	22.000 	: 
A,G3000,GRTL,NR,ES	37.000 	44.000 	52.000 	56.000 	71.000 	73.000 	97.000 	121.000 	141.000 	148.000 	130.000 	140.000 
A,G3000,GRTL,NR,FI	26.000 	26.000 	23.000 	24.000 	24.000 	24.000 	24.000 	10.000 	12.000 	10.000 	12.000 	: 
A,G3000,GRTL,NR,FR	61.000 	64.000 	66.000 	71.000 	74.000 	74.000 	67.000 	68.000 	81.000 	78.000 	63.000 	: 
A,G3000,GRTL,NR,GE	: 	: 	41.000 	40.000 	35.000 	32.000 	33.000 	33.000 	30.000 	28.000 	28.000 	: 
A,G3000,GRTL,NR,HR	42.000 	40.000 	45.000 	46.000 	46.000 	44.000 	45.000 	46.000 	42.000 	39.000 	39.000 	: 
A,G3000,GRTL,NR,HU	24.000 	29.000 	32.000 	28.000 	27.000 	27.000 	29.000 	29.000 	25.000 	26.000 	26.000 	: 
A,G3000,GRTL,NR,IE	7.000 	7.000 	7.000 	8.000 	9.000 	9.000 	11.000 	9.000 	8.000 	6.000 	6.000 	: 
A,G3000,GRTL,NR,IT	330.000 	342.000 	378.000 	393.000 	420.000 	412.000 	446.000 	612.000 	697.000 	696.000 	634.000 	: 
A,G3000,GRTL,NR,LT	5.000 	3.000 	4.000 	4.000 	4.000 	5.000 	5.000 	5.000 	5.000 	5.000 	5.000 	: 
A,G3000,GRTL,NR,LU	5.000 	6.000 	6.000 	8.000 	8.000 	9.000 	8.000 	7.000 	6.000 	6.000 	5.000 	: 
A,G3000,GRTL,NR,LV	1.000 	1.000 	1.000 	1.000 	6.000 	11.000 	11.000 	11.000 	10.000 	9.000 	12.000 	: 
A,G3000,GRTL,NR,MD	20.000 	20.000 	20.000 	20.000 	11.000 	14.000 	15.000 	24.000 	24.000 	25.000 	24.000 	: 
A,G3000,GRTL,NR,ME	0.000 	0.000 	0.000 	0.000 	0.000 	0.000 	0.000 	0.000 	0.000 	0.000 	0.000 	: 
A,G3000,GRTL,NR,MK	7.000 	7.000 	7.000 	7.000 	7.000 	8.000 	6.000 	6.000 	6.000 	7.000 	8.000 	9.000 
A,G3000,GRTL,NR,NL	45.000 	46.000 	51.000 	48.000 	48.000 	48.000 	52.000 	52.000 	52.000 	48.000 	53.000 	: 
A,G3000,GRTL,NR,PL	64.000 	78.000 	88.000 	113.000 	108.000 	113.000 	112.000 	113.000 	108.000 	118.000 	109.000 	: 
A,G3000,GRTL,NR,PT	22.000 	22.000 	23.000 	23.000 	25.000 	24.000 	25.000 	26.000 	25.000 	28.000 	30.000 	: 
A,G3000,GRTL,NR,RO	67.000 	70.000 	74.000 	84.000 	86.000 	80.000 	73.000 	76.000 	75.000 	68.000 	58.000 	: 
A,G3000,GRTL,NR,RS	37.000 	35.000 	36.000 	38.000 	39.000 	37.000 	35.000 	35.000 	34.000 	33.000 	34.000 	: 
A,G3000,GRTL,NR,SE	6.000 	6.000 	7.000 	7.000 	7.000 	7.000 	7.000 	8.000 	7.000 	6.000 	6.000 	: 
A,G3000,GRTL,NR,SI	21.000 	21.000 	20.000 	22.000 	28.000 	23.000 	22.000 	22.000 	23.000 	19.000 	19.000 	: 
A,G3000,GRTL,NR,SK	26.000 	25.000 	29.000 	25.000 	28.000 	27.000 	26.000 	26.000 	26.000 	20.000 	19.000 	: 
A,G3000,GRTL,NR,TR	119.000 	118.000 	117.000 	118.000 	121.000 	118.000 	112.000 	119.000 	123.000 	117.000 	111.000 	: 
A,G3000,GRTL,NR,XK	0.000 	0.000 	0.000 	0.000 	0.000 	0.000 	0.000 	0.000 	0.000 	0.000 	0.000 	: 
A,G3000,GRTL_LG,PC,BA	62.940 	59.440 	65.740 	74.400 	75.970 	72.980 	72.130 	64.050 	58.870 	54.970 	57.310 	: 
A,G3000,GRTL_LG,PC,BE	27.900 	27.100 	31.700 	34.400 	32.100 	30.400 	29.900 	32.100 	33.300 	38.200 	39.700 	: 
A,G3000,GRTL_LG,PC,BG	78.460 	80.590 	82.090 	83.650 	83.800 	83.050 	80.330 	74.490 	63.630 	63.150 	66.120 	: 
A,G3000,GRTL_LG,PC,CZ	39.400 	35.610 	36.560 	34.950 	31.070 	25.636 	29.270 	28.122 	29.404 	28.560 	31.410 	: 
A,G3000,GRTL_LG,PC,DE	: 	: 	: 	: 	: 	: 	: 	: 	: 	: 	13.300 	: 
A,G3000,GRTL_LG,PC,DK	: 	: 	: 	: 	: 	: 	: 	: 	: 	: 	24.800 	: 
A,G3000,GRTL_LG,PC,EE	96.000 	97.000 	81.000 	92.000 	92.000 	90.000 	90.000 	46.000 	68.260 	38.510 	37.893 	: 
A,G3000,GRTL_LG,PC,EL	83.600 	74.100 	65.200 	76.100 	60.360 	37.370 	35.950 	33.710 	33.590 	31.080 	27.740 	: 
A,G3000,GRTL_LG,PC,ES	34.540 	37.510 	36.730 	35.610 	31.810 	38.640 	19.560 	16.180 	20.460 	22.270 	27.300 	27.000 
A,G3000,GRTL_LG,PC,FI	85.000 	88.000 	91.000 	90.000 	90.000 	90.000 	90.000 	30.440 	28.040 	38.300 	30.920 	: 
A,G3000,GRTL_LG,PC,FR	51.500 	47.100 	39.000 	35.800 	34.100 	37.000 	36.600 	34.300 	34.200 	35.500 	32.600 	: 
A,G3000,GRTL_LG,PC,GE	: 	: 	27.000 	34.000 	34.000 	35.108 	31.183 	36.000 	38.000 	35.500 	35.580 	: 
A,G3000,GRTL_LG,PC,HR	40.780 	38.480 	39.170 	38.340 	35.960 	35.740 	36.030 	34.840 	29.290 	39.270 	39.350 	: 
A,G3000,GRTL_LG,PC,HU	21.450 	20.370 	20.960 	23.260 	58.502 	54.507 	44.659 	53.468 	57.844 	57.323 	59.479 	: 
A,G3000,GRTL_LG,PC,IE	40.170 	35.680 	45.120 	47.650 	47.510 	43.574 	39.244 	28.730 	41.660 	42.580 	39.210 	: 
A,G3000,GRTL_LG,PC,IT	25.600 	24.600 	23.800 	21.400 	16.200 	19.300 	19.400 	18.400 	17.100 	15.900 	11.800 	: 
A,G3000,GRTL_LG,PC,LT	98.000 	90.350 	96.240 	83.280 	81.600 	81.700 	75.420 	49.400 	48.880 	53.300 	37.450 	: 
A,G3000,GRTL_LG,PC,LU	61.340 	47.690 	32.550 	33.470 	39.010 	39.490 	38.430 	40.060 	39.140 	37.440 	36.730 	: 
A,G3000,GRTL_LG,PC,LV	100.000 	100.000 	100.000 	100.000 	86.740 	81.820 	72.560 	67.320 	59.320 	57.100 	41.070 	: 
A,G3000,GRTL_LG,PC,MD	63.500 	63.100 	64.600 	64.900 	98.400 	97.090 	96.560 	91.100 	89.300 	85.540 	92.850 	: 
A,G3000,GRTL_LG,PC,MK	70.240 	62.550 	66.390 	45.500 	47.910 	42.240 	77.270 	77.121 	81.303 	68.948 	74.202 	71.430 
A,G3000,GRTL_LG,PC,PL	88.910 	64.428 	47.188 	43.180 	43.317 	44.414 	42.824 	44.025 	47.409 	50.807 	47.309 	: 
A,G3000,GRTL_LG,PC,PT	51.850 	41.660 	40.700 	37.290 	37.350 	32.823 	32.620 	31.460 	36.918 	37.466 	34.980 	: 
A,G3000,GRTL_LG,PC,RO	25.400 	26.590 	27.300 	27.120 	25.680 	24.560 	24.600 	23.510 	24.330 	24.840 	26.819 	: 
A,G3000,GRTL_LG,PC,RS	64.000 	66.000 	67.000 	79.000 	80.000 	81.000 	81.000 	81.000 	81.000 	80.000 	79.900 	: 
A,G3000,GRTL_LG,PC,SE	: 	: 	: 	: 	: 	: 	: 	55.530 	56.060 	67.565 	72.374 	: 
A,G3000,GRTL_LG,PC,SI	57.700 	56.770 	50.480 	47.800 	45.920 	43.700 	45.200 	46.500 	43.400 	47.200 	45.800 	: 
A,G3000,GRTL_LG,PC,SK	63.220 	60.990 	57.130 	55.500 	52.670 	48.440 	50.800 	56.200 	59.400 	56.800 	61.600 	: 
A,G3000,GRTL_NG5,PC,AT	59.000 	56.000 	60.000 	63.000 	69.000 	65.000 	67.000 	65.000 	64.000 	65.000 	72.000 	: 
A,G3000,GRTL_NG5,PC,BA	91.510 	93.400 	93.540 	92.960 	92.190 	90.970 	91.020 	93.750 	90.150 	86.500 	87.670 	: 
A,G3000,GRTL_NG5,PC,BE	79.800 	78.200 	76.200 	73.500 	74.400 	71.400 	76.600 	74.800 	77.100 	81.600 	73.900 	: 
A,G3000,GRTL_NG5,PC,BG	88.480 	90.120 	90.910 	92.340 	92.380 	92.120 	89.180 	84.380 	81.750 	88.520 	85.199 	: 
A,G3000,GRTL_NG5,PC,CZ	68.430 	80.650 	77.410 	68.980 	64.620 	76.082 	58.350 	55.801 	60.362 	60.360 	67.120 	: 
A,G3000,GRTL_NG5,PC,DE	26.000 	26.000 	25.760 	23.000 	26.400 	27.000 	26.500 	27.000 	24.900 	26.200 	13.300 	: 
A,G3000,GRTL_NG5,PC,DK	90.000 	89.000 	92.000 	96.000 	95.000 	93.270 	90.030 	85.780 	88.560 	95.830 	72.900 	: 
A,G3000,GRTL_NG5,PC,EE	96.000 	97.000 	81.000 	92.000 	92.000 	90.000 	90.000 	51.000 	86.900 	78.940 	82.834 	: 
A,G3000,GRTL_NG5,PC,EL	95.300 	89.100 	81.300 	87.980 	95.820 	91.330 	88.940 	81.780 	83.770 	84.280 	87.820 	: 
A,G3000,GRTL_NG5,PC,ES	73.290 	75.850 	74.180 	71.650 	62.130 	75.590 	55.610 	56.700 	56.470 	54.390 	70.100 	71.700 
A,G3000,GRTL_NG5,PC,FI	85.000 	88.000 	91.000 	90.000 	90.000 	90.000 	90.000 	90.870 	81.930 	96.350 	98.060 	: 
A,G3000,GRTL_NG5,PC,FR	76.700 	73.900 	66.000 	59.700 	59.100 	66.700 	59.600 	60.800 	67.500 	67.300 	70.100 	: 
A,G3000,GRTL_NG5,PC,GE	: 	: 	95.000 	85.000 	87.000 	82.556 	84.873 	86.000 	85.000 	84.000 	82.750 	: 
A,G3000,GRTL_NG5,PC,HR	58.850 	57.600 	66.400 	65.850 	62.370 	57.680 	59.080 	59.330 	73.150 	67.490 	75.030 	: 
A,G3000,GRTL_NG5,PC,HU	86.550 	77.670 	76.720 	71.300 	65.890 	67.413 	66.460 	60.666 	73.334 	74.129 	84.116 	: 
A,G3000,GRTL_NG5,PC,IE	84.960 	85.320 	92.030 	92.420 	99.200 	96.957 	97.137 	81.590 	93.500 	97.720 	97.680 	: 
A,G3000,GRTL_NG5,PC,IT	43.800 	38.200 	38.100 	47.400 	37.000 	43.500 	49.700 	43.500 	49.200 	50.400 	46.300 	: 
A,G3000,GRTL_NG5,PC,LT	98.000 	90.350 	96.240 	98.230 	98.700 	88.500 	95.500 	90.230 	90.130 	89.810 	85.170 	: 
A,G3000,GRTL_NG5,PC,LU	95.220 	94.260 	95.500 	98.310 	97.580 	98.010 	98.110 	98.520 	98.100 	98.520 	98.870 	: 
A,G3000,GRTL_NG5,PC,LV	100.000 	100.000 	100.000 	100.000 	93.500 	87.130 	81.810 	97.210 	94.270 	98.000 	90.360 	: 
A,G3000,GRTL_NG5,PC,MD	78.000 	78.200 	79.800 	79.800 	98.400 	97.090 	96.560 	91.100 	89.300 	85.540 	92.850 	: 
A,G3000,GRTL_NG5,PC,MK	96.780 	96.340 	95.930 	92.580 	93.010 	95.750 	97.900 	98.374 	98.413 	95.674 	94.182 	97.346 
A,G3000,GRTL_NG5,PC,NL	69.000 	69.000 	68.000 	66.000 	70.000 	67.000 	78.000 	81.000 	79.000 	79.000 	78.000 	: 
A,G3000,GRTL_NG5,PC,PL	88.910 	85.488 	77.954 	72.612 	84.995 	87.689 	84.943 	84.884 	84.433 	79.678 	74.449 	: 
A,G3000,GRTL_NG5,PC,PT	83.760 	80.390 	87.140 	91.740 	92.860 	92.001 	92.740 	93.250 	92.806 	90.216 	86.002 	: 
A,G3000,GRTL_NG5,PC,RO	79.920 	85.360 	81.980 	81.870 	82.580 	85.820 	83.610 	79.180 	77.890 	83.960 	84.889 	: 
A,G3000,GRTL_NG5,PC,RS	78.000 	66.000 	67.000 	79.000 	80.000 	81.000 	81.000 	81.000 	81.000 	80.000 	79.900 	: 
A,G3000,GRTL_NG5,PC,SE	: 	: 	: 	: 	: 	: 	: 	95.980 	96.390 	95.448 	95.736 	: 
A,G3000,GRTL_NG5,PC,SI	85.000 	85.900 	83.960 	83.300 	81.150 	90.700 	90.700 	91.900 	90.800 	91.600 	89.600 	: 
A,G3000,GRTL_NG5,PC,SK	81.920 	84.460 	77.350 	80.720 	69.850 	78.380 	84.900 	85.300 	82.900 	79.300 	80.300 	: 
A,G3000,GRTL_NG5,PC,TR	: 	64.170 	69.160 	64.040 	66.090 	65.190 	59.250 	52.519 	62.510 	60.480 	59.730 	: 
A,G3000,GRTL_SELL_NG5,NR,AT	3.000 	2.000 	3.000 	4.000 	5.000 	6.000 	6.000 	5.000 	5.000 	5.000 	7.000 	: 
A,G3000,GRTL_SELL_NG5,NR,BA	2.000 	2.000 	2.000 	2.000 	2.000 	2.000 	2.000 	2.000 	2.000 	3.000 	3.000 	: 
A,G3000,GRTL_SELL_NG5,NR,BE	5.000 	5.000 	5.000 	5.000 	6.000 	6.000 	6.000 	6.000 	6.000 	6.000 	5.000 	: 
A,G3000,GRTL_SELL_NG5,NR,BG	2.000 	2.000 	2.000 	2.000 	2.000 	2.000 	2.000 	2.000 	3.000 	4.000 	3.000 	: 
A,G3000,GRTL_SELL_NG5,NR,CY	0.000 	0.000 	0.000 	0.000 	0.000 	0.000 	0.000 	0.000 	0.000 	0.000 	: 	: 
A,G3000,GRTL_SELL_NG5,NR,CZ	5.000 	6.000 	5.000 	4.000 	4.000 	6.000 	4.000 	4.000 	5.000 	5.000 	5.000 	: 
A,G3000,GRTL_SELL_NG5,NR,DE	3.000 	3.000 	3.000 	3.000 	4.000 	4.000 	4.000 	4.000 	4.000 	4.000 	4.000 	: 
A,G3000,GRTL_SELL_NG5,NR,DK	3.000 	3.000 	3.000 	3.000 	4.000 	4.000 	5.000 	5.000 	5.000 	5.000 	4.000 	: 
A,G3000,GRTL_SELL_NG5,NR,EE	1.000 	1.000 	1.000 	1.000 	1.000 	1.000 	1.000 	2.000 	3.000 	3.000 	3.000 	: 
A,G3000,GRTL_SELL_NG5,NR,EL	3.000 	3.000 	3.000 	3.000 	5.000 	6.000 	6.000 	5.000 	5.000 	5.000 	6.000 	: 
A,G3000,GRTL_SELL_NG5,NR,ES	6.000 	5.000 	5.000 	5.000 	4.000 	5.000 	5.000 	6.000 	5.000 	4.000 	5.000 	6.000 
A,G3000,GRTL_SELL_NG5,NR,FI	1.000 	1.000 	1.000 	1.000 	1.000 	1.000 	1.000 	4.000 	4.000 	7.000 	8.000 	: 
A,G3000,GRTL_SELL_NG5,NR,FR	4.000 	4.000 	4.000 	4.000 	4.000 	5.000 	4.000 	4.000 	4.000 	4.000 	4.000 	: 
A,G3000,GRTL_SELL_NG5,NR,GE	: 	: 	6.000 	4.000 	4.000 	3.000 	3.000 	3.000 	3.000 	3.000 	3.000 	: 
A,G3000,GRTL_SELL_NG5,NR,HR	3.000 	3.000 	4.000 	4.000 	4.000 	3.000 	3.000 	4.000 	5.000 	3.000 	4.000 	: 
A,G3000,GRTL_SELL_NG5,NR,HU	6.000 	6.000 	6.000 	6.000 	2.000 	3.000 	3.000 	2.000 	3.000 	3.000 	4.000 	: 
A,G3000,GRTL_SELL_NG5,NR,IE	6.000 	6.000 	6.000 	6.000 	6.000 	6.000 	6.000 	5.000 	5.000 	5.000 	5.000 	: 
A,G3000,GRTL_SELL_NG5,NR,IT	4.000 	3.000 	3.000 	3.000 	4.000 	4.000 	4.000 	4.000 	5.000 	4.000 	6.000 	: 
A,G3000,GRTL_SELL_NG5,NR,LT	1.000 	1.000 	1.000 	2.000 	2.000 	2.000 	3.000 	3.000 	4.000 	4.000 	4.000 	: 
A,G3000,GRTL_SELL_NG5,NR,LU	3.000 	4.000 	5.000 	5.000 	4.000 	4.000 	4.000 	4.000 	4.000 	4.000 	4.000 	: 
A,G3000,GRTL_SELL_NG5,NR,LV	1.000 	1.000 	1.000 	1.000 	2.000 	2.000 	2.000 	5.000 	4.000 	5.000 	4.000 	: 
A,G3000,GRTL_SELL_NG5,NR,MD	3.000 	3.000 	3.000 	3.000 	1.000 	1.000 	1.000 	1.000 	1.000 	1.000 	1.000 	: 
A,G3000,GRTL_SELL_NG5,NR,ME	0.000 	0.000 	0.000 	0.000 	0.000 	0.000 	0.000 	0.000 	0.000 	0.000 	0.000 	: 
A,G3000,GRTL_SELL_NG5,NR,MK	3.000 	3.000 	3.000 	3.000 	3.000 	4.000 	3.000 	3.000 	3.000 	3.000 	3.000 	4.000 
A,G3000,GRTL_SELL_NG5,NR,NL	3.000 	3.000 	3.000 	3.000 	4.000 	4.000 	6.000 	6.000 	6.000 	6.000 	6.000 	: 
A,G3000,GRTL_SELL_NG5,NR,PL	1.000 	2.000 	2.000 	2.000 	2.000 	2.000 	2.000 	2.000 	2.000 	2.000 	2.000 	: 
A,G3000,GRTL_SELL_NG5,NR,PT	4.000 	4.000 	5.000 	6.000 	6.000 	6.000 	6.000 	6.000 	6.000 	6.000 	5.000 	: 
A,G3000,GRTL_SELL_NG5,NR,RO	6.000 	5.000 	4.000 	4.000 	5.000 	6.000 	6.000 	5.000 	4.000 	4.000 	4.000 	: 
A,G3000,GRTL_SELL_NG5,NR,RS	2.000 	1.000 	1.000 	1.000 	1.000 	1.000 	1.000 	1.000 	1.000 	1.000 	1.000 	: 
A,G3000,GRTL_SELL_NG5,NR,SE	6.000 	6.000 	7.000 	7.000 	7.000 	7.000 	7.000 	4.000 	4.000 	3.000 	3.000 	: 
A,G3000,GRTL_SELL_NG5,NR,SI	5.000 	5.000 	5.000 	5.000 	5.000 	6.000 	6.000 	6.000 	6.000 	6.000 	5.000 	: 
A,G3000,GRTL_SELL_NG5,NR,SK	2.000 	3.000 	2.000 	3.000 	3.000 	5.000 	5.000 	5.000 	4.000 	3.000 	3.000 	: 
A,G3000,GRTL_SELL_NG5,NR,TR	2.000 	2.000 	3.000 	3.000 	3.000 	3.000 	3.000 	3.000 	3.000 	3.000 	3.000 	: 
A,G3000,GRTL_SELL_NG5,NR,XK	0.000 	0.000 	0.000 	0.000 	0.000 	0.000 	0.000 	0.000 	0.000 	0.000 	0.000 	: 
