geo,year,e_cap_share,e_cap_top,e_gen_share,e_gen_top,gas_retailers,fc_e_gwh,fc_ne_gwh,gas_fc_gwh,pop,retailers_per_twh,in_density_sample,retailers_per_million
AT,2013,62.0,,55.5,,45.0,54996.143,3450.344,58446.486999999994,8451860.0,0.7699350689802795,True,5.324271817091149
AT,2014,60.8,,55.2,,54.0,50933.702,4008.465,54942.167,8507786.0,0.9828516592729224,True,6.347127207948108
AT,2015,59.7,,53.0,,56.0,53047.628,3863.871,56911.499,8584926.0,0.9839839221244198,True,6.523061468438983
AT,2016,58.4,,52.1,,64.0,54990.211,3960.476,58950.687000000005,8700471.0,1.0856531663490199,True,7.355923604595659
AT,2017,58.1,,50.9,,65.0,55667.458,3847.077,59514.535,8772865.0,1.0921701732190296,True,7.409210104110802
AT,2018,57.7,,51.9,,69.0,54144.263,3213.87,57358.133,8822267.0,1.2029680254760036,True,7.821118993564806
AT,2019,53.6,,52.5,,71.0,55614.85,4129.559,59744.409,8858775.0,1.188395720844774,True,8.014652138698635
AT,2020,53.9,,53.1,,72.0,54516.552,3938.032,58454.584,8901064.0,1.2317254708373255,True,8.08892060544672
AT,2021,51.5,,52.4,,68.0,57496.226,3829.841,61326.067,8932664.0,1.1088270180443822,True,7.612510668709804
AT,2022,49.6,,50.8,,61.0,50721.168,3413.172,54134.34,8978929.0,1.1268263361112374,True,6.79368330009069
AT,2023,45.6,,49.8,,57.0,44941.327,3558.578,48499.905,9104772.0,1.1752600340144996,True,6.260453309539217
BA,2013,96.64,42.33,99.23,45.84,5.0,,,,,,False,
BA,2014,96.38,42.68,98.93,49.42,5.0,1292.25,0.0,1292.25,,3.8692203520990525,True,
BA,2015,95.76,41.94,98.87,47.96,5.0,1533.0,0.0,1533.0,,3.2615786040443577,True,
BA,2016,95.75,38.64,97.92,43.88,5.0,1580.25,0.0,1580.25,,3.1640563202024996,True,
BA,2017,95.04,38.35,97.85,46.26,5.0,1730.26,0.0,1730.26,,2.889739114352756,True,
BA,2018,94.52,37.68,97.45,40.54,5.0,1722.005,0.0,1722.005,,2.9035920337048964,True,
BA,2019,93.56,37.3,96.28,37.54,7.0,1628.005,0.0,1628.005,,4.299741094161258,True,
BA,2020,93.08,37.11,96.94,40.53,7.0,1456.004,0.0,1456.004,,4.8076790997826935,True,
BA,2021,92.56,37.53,96.45,39.15,7.0,1834.005,0.0,1834.005,,3.8167834875041233,True,
BA,2022,91.62,37.15,95.8,38.9,7.0,1812.755,0.0,1812.755,,3.8615256887996443,True,
BA,2023,89.421,36.254,94.736,35.304,7.0,1602.255,0.0,1602.255,,4.3688426623727175,True,
BE,2013,66.0,52.68,74.93,64.9,29.0,113959.293,10947.136,124906.429,11137974.0,0.23217379787552808,True,2.6037051262644355
BE,2014,60.03,46.73,70.97,59.77,37.0,97064.668,10052.346,107117.014,11180840.0,0.34541664875012296,True,3.3092325800208213
BE,2015,60.67,45.52,65.71,48.48,46.0,104149.198,11522.858,115672.056,11237274.0,0.3976759953155843,True,4.093519478122541
BE,2016,50.48,40.93,71.08,62.55,40.0,108309.701,10924.182,119233.883,11311117.0,0.3354751098729209,True,3.5363439349093464
BE,2017,50.5,41.26,70.03,60.66,41.0,110070.703,12620.057,122690.76,11351727.0,0.3341734944016974,True,3.611785237611863
BE,2018,51.0,42.092,63.97,51.51,37.0,110817.122,12206.652,123023.774,11398589.0,0.30075487685819163,True,3.2460158007276165
BE,2019,50.16,39.55,67.5,55.2,41.0,110189.164,11847.024,122036.188,11455519.0,0.33596591856835123,True,3.5790608875948786
BE,2020,48.29,38.36,61.85,53.02,40.0,108853.53,10556.473,119410.003,11522440.0,0.3349803114903196,True,3.4714869420018677
BE,2021,47.341,37.605,68.1,56.43,38.0,120893.283,9319.845,130213.128,11554767.0,0.2918292539597083,True,3.2886859596563047
BE,2022,48.13,38.53,63.99,51.83,30.0,98456.578,8023.427,106480.005,11617623.0,0.2817430371082345,True,2.582283828628283
BE,2023,43.37,35.23,59.7,48.48,30.0,96756.982,7732.864,104489.846,11742796.0,0.2871092373894397,True,2.5547578276928253
BG,2013,59.27,23.41,74.5,36.8,23.0,13443.656,2409.278,15852.934,7202556.0,1.4508355361852892,True,3.1933108191036625
BG,2014,61.08,23.82,74.0,35.0,21.0,13708.448,2561.787,16270.235,7117453.0,1.290700472365642,True,2.950493666765344
BG,2015,64.41,24.86,78.44,32.49,22.0,15114.966,3166.045,18281.011,7029690.0,1.2034345365253596,True,3.1295832390902016
BG,2016,64.15,25.26,78.25,36.97,21.0,15125.707,3349.24,18474.947,6938759.0,1.1366744380917575,True,3.026477789472152
BG,2017,64.16,24.99,77.3,35.59,21.0,15732.872,3233.073,18965.945,6849518.0,1.1072477538029346,True,3.0659091632433113
BG,2018,61.44,23.93,77.81,35.82,19.0,15139.589,2417.958,17557.547,6757418.0,1.0821557248287588,True,2.8117248333609077
BG,2019,65.56,24.15,77.92,39.02,21.0,13323.333,1754.595,15077.928,6664177.0,1.3927643108522603,True,3.151176806978566
BG,2020,61.13,24.69,75.9,42.46,21.0,13515.302,1739.191,15254.493,6569275.0,1.376643589531294,True,3.196699788028359
BG,2021,59.85,24.21,74.75,36.13,27.0,15314.607,1871.714,17186.321,6532117.0,1.5710168569526894,True,4.133422594849418
BG,2022,52.44,20.63,77.57,33.99,27.0,12918.395,1492.582,14410.977,6482484.0,1.8735717918361814,True,4.16507005647835
BG,2023,47.96,18.87,65.14,41.6,26.0,11788.079,1379.228,13167.307,6447710.0,1.9745875143641747,True,4.032439424229688
CY,2013,89.06,89.06,92.9,92.9,0.0,0.0,0.0,0.0,862854.0,,False,
CY,2014,88.26,88.26,93.64,93.64,0.0,0.0,0.0,0.0,860032.0,,False,
CY,2015,87.5,87.5,92.43,92.43,0.0,0.0,0.0,0.0,860846.0,,False,
CY,2016,87.3,87.3,92.68,92.68,0.0,0.0,0.0,0.0,863764.0,,False,
CY,2017,86.27,86.27,92.78,92.78,0.0,0.0,0.0,0.0,869878.0,,False,
CY,2018,86.1,86.1,92.26,92.26,0.0,0.0,0.0,0.0,878601.0,,False,
CY,2019,85.59,85.59,91.95,91.95,0.0,0.0,0.0,0.0,890194.0,,False,
CY,2020,83.24,83.24,89.92,89.92,0.0,0.0,0.0,0.0,902429.0,,False,
CY,2021,80.91,80.91,88.03,88.03,0.0,0.0,0.0,0.0,914476.0,,False,
CY,2022,78.5,78.5,87.53,87.53,0.0,0.0,0.0,0.0,929764.0,,False,
CY,2023,76.23,76.23,84.86,84.86,,0.0,0.0,0.0,949084.0,,False,
CZ,2013,61.8,61.8,67.5,67.5,74.0,62418.0,1076.5,63494.5,10516125.0,1.1654552756537968,True,7.036812514115227
CZ,2014,61.9,61.9,67.7,67.7,80.0,55902.5,1099.25,57001.75,10512419.0,1.4034656830711338,True,7.610046745663391
CZ,2015,61.9,61.9,67.7,67.7,88.0,58431.25,1115.5,59546.75,10538275.0,1.4778304441468257,True,8.350512773675009
CZ,2016,61.7,61.7,68.4,68.4,98.0,61452.678,1166.253,62618.931,10553843.0,1.565021926037032,True,9.285717060600579
CZ,2017,60.282,60.282,67.131,67.131,110.0,64307.25,1032.0,65339.25,10578820.0,1.6835210076638465,True,10.398135141726582
CZ,2018,60.686,60.686,73.82,68.4,63.0,60083.152,1036.587,61119.739,10610055.0,1.0307635639608996,True,5.937763753345294
CZ,2019,60.549,60.549,74.674,69.0,125.0,60328.091,1130.905,61458.996,10649800.0,2.033876375071275,True,11.73730962083795
CZ,2020,54.34,54.34,73.1,67.13,133.0,59992.712,1107.238,61099.95,10693939.0,2.1767611921122687,True,12.436951435761882
CZ,2021,53.31,53.31,68.02,62.55,137.0,63990.062,957.095,64947.157,10494836.0,2.1094071908336187,True,13.054039148396413
CZ,2022,57.61,51.99,72.48,59.57,99.0,54853.233,717.311,55570.544,10516707.0,1.7815193603287383,True,9.413593057218385
CZ,2023,59.4,53.6,70.39,64.34,110.0,48924.319,611.872,49536.191000000006,10827529.0,2.2205986729984946,True,10.159289344780328
DE,2013,67.0,29.0,74.0,32.0,825.0,614593.889,28031.826,642625.715,80523746.0,1.283795498286277,True,10.24542499550381
DE,2014,70.0,29.0,73.0,32.0,854.0,551594.151,29398.665,580992.816,80767463.0,1.4698976931928192,True,10.57356475342057
DE,2015,68.0,27.0,76.0,32.0,946.0,573385.0,27588.0,600973.0,81197537.0,1.5741139784982021,True,11.65059969737752
DE,2016,65.3,27.0,72.1,33.5,983.0,609593.025,30505.076,640098.101,82175684.0,1.5357021032624496,True,11.962176061716749
DE,2017,64.9,25.8,75.5,32.2,995.0,613740.749,30030.38,643771.129,82521653.0,1.5455803393134147,True,12.05744145721366
DE,2018,60.8,25.1,73.9,30.2,990.0,618670.287,34976.176,653646.463,82792351.0,1.5145802142893259,True,11.957626375412387
DE,2019,57.5,22.4,70.1,26.0,985.0,608994.34,39905.375,648899.715,83019213.0,1.5179541263937832,True,11.864723410471262
DE,2020,56.8,22.0,65.3,25.3,979.0,605504.306,33118.069,638622.375,83166711.0,1.5329873150780224,True,11.771536811164745
DE,2021,53.1,21.0,62.4,26.1,979.0,664644.596,33549.75,698194.346,83155031.0,1.402188381514049,True,11.773190247502885
DE,2022,52.0,18.6,55.9,26.4,979.0,578249.119,20678.5,598927.619,83237124.0,1.6345881688251216,True,11.76157888396048
DE,2023,52.5,18.8,57.1,22.5,973.0,531297.514,20900.783,552198.297,83118501.0,1.7620481723434216,True,11.706178387408599
DK,2013,57.0,46.0,58.0,41.0,14.0,18374.301,0.0,18374.301,5602628.0,0.7619337464864651,True,2.498827336028735
DK,2014,43.7,38.2,53.5,36.6,20.0,16798.329,0.0,16798.329,5627235.0,1.19059461211886,True,3.5541433759208565
DK,2015,37.22,37.22,43.99,33.03,17.0,17623.384,0.0,17623.384,5659715.0,0.9646274517992687,True,3.0036848145180453
DK,2016,36.6,36.6,41.7,35.21,18.0,18204.132,0.0,18204.132,5707251.0,0.9887865018777054,True,3.153882666103173
DK,2017,36.21,36.21,33.27,33.27,15.0,18413.78,0.0,18413.78,5748769.0,0.8146073212561462,True,2.6092542594771158
DK,2018,38.084,32.708,32.75,32.75,14.0,18077.104,0.0,18077.104,5781190.0,0.7744603339118922,True,2.4216467543879374
DK,2019,37.698,32.396,36.113,28.096,13.0,17705.803,0.0,17705.803,5806081.0,0.7342225596884818,True,2.2390318013131405
DK,2020,40.97,31.87,37.442,27.003,12.0,17171.111,0.0,17171.111,5822763.0,0.6988481991642824,True,2.0608772845468724
DK,2021,38.439,29.906,44.104,31.115,12.0,18409.147,0.0,18409.147,5840045.0,0.6518498657216437,True,2.0547786874929903
DK,2022,35.412,27.559,42.003,27.054,12.0,14273.454,0.0,14273.454,5873420.0,0.8407215240263499,True,2.0431026556929353
DK,2023,35.667,27.153,38.22,22.679,13.0,13714.845,0.0,13714.845,5932654.0,0.94787801101653,True,2.191262123157696
EE,2013,77.0,77.0,87.0,87.0,23.0,2908.0,798.0,3706.0,1320169.0,6.2061521856449,True,17.422011878782186
EE,2014,75.83,75.83,84.83,84.83,22.0,2603.25,0.0,2603.25,1315819.0,8.450974743109574,True,16.719624811619227
EE,2015,71.69,71.69,79.76,79.76,21.0,2586.75,0.0,2586.75,1313271.0,8.118295158016817,True,15.990606660772984
EE,2016,70.0,70.0,80.84,80.84,24.0,2935.75,0.0,2935.75,1315944.0,8.175083028187005,True,18.23785814593934
EE,2017,72.0,72.0,82.5,82.5,24.0,2662.972,0.0,2662.972,1315635.0,9.012486800462039,True,18.24214162742706
EE,2018,74.0,74.0,80.0,80.0,37.0,2943.688,0.0,2943.688,1319133.0,12.569266851650038,True,28.048725943479546
EE,2019,76.36,76.36,67.4,67.4,39.0,2867.506,0.0,2867.506,1324820.0,13.60066901342142,True,29.43796138343322
EE,2020,75.0,54.0,72.0,52.0,36.0,2896.878,0.0,2896.878,1328889.0,12.4271715964566,True,27.090298738269336
EE,2021,86.0,67.0,78.0,64.0,28.0,3080.131,0.0,3080.131,1330068.0,9.090522448558195,True,21.05155525882887
EE,2022,83.0,67.0,76.0,69.0,23.0,2073.806,0.0,2073.806,1331796.0,11.090719189740987,True,17.26991220877672
EE,2023,85.53,60.73,72.89,54.57,21.0,1878.599,0.0,1878.599,1365884.0,11.17854315902436,True,15.374658462944144
EL,2013,67.4,60.49,81.38,67.45,11.0,10554.81,3739.021,14293.831,10980006.0,0.7695627575280553,True,1.0018209461816323
EL,2014,67.03,60.25,85.48,71.54,16.0,9706.277,4049.011,13755.288,10894294.0,1.1631890222872832,True,1.4686587308916024
EL,2015,67.03,60.25,75.72,70.72,21.0,11267.686,4044.727,15312.413,10818041.0,1.3714363634261955,True,1.9412017388360796
EL,2016,73.23,60.25,86.61,72.0,29.0,12182.5,1702.25,13884.75,10735415.0,2.0886224094780244,True,2.701339445191453
EL,2017,62.16,55.18,74.93,58.65,39.0,9846.147,4729.639,14575.786,10707527.0,2.6756704578401465,True,3.6422976098962905
EL,2018,57.98,51.1,74.53,58.18,21.0,9438.337,5641.98,15080.317,10667336.0,1.3925436713299861,True,1.9686264686890897
EL,2019,57.81,51.26,70.45,49.37,25.0,10426.188,4976.636,15402.824,10635213.0,1.6230789886322143,True,2.3506816459623328
EL,2020,56.2,50.02,61.85,40.83,24.0,12768.228,4361.473,17129.701,10612591.0,1.4010752435200124,True,2.261464707346208
EL,2021,48.79,42.83,62.91,44.74,22.0,13691.794,3540.948,17232.742,10555344.0,1.2766395504557546,True,2.0842522991197634
EL,2022,48.04,39.02,55.64,38.6,23.0,13748.757,247.256,13996.013,10461627.0,1.64332513838048,True,2.1985108052504643
EL,2023,44.56,36.19,49.73,33.27,22.0,12492.66,1368.548,13861.208,10401868.0,1.587163254458053,True,2.115004727996933
ES,2013,61.2,23.5,60.44,22.04,37.0,172034.945,5472.03,177506.975,46712650.0,0.20844251331532182,True,0.7920766644581286
ES,2014,60.91,23.42,62.17,23.82,44.0,166323.033,5640.577,171963.61,46495744.0,0.2558680874401276,True,0.946323173148923
ES,2015,62.34,24.65,64.32,24.51,52.0,158667.057,5075.292,163742.349,46425722.0,0.3175720900400666,True,1.1200687412034216
ES,2016,61.29,22.5,63.77,25.44,56.0,164077.351,5176.043,169253.394,46418884.0,0.3308648569847881,True,1.2064055654590922
ES,2017,59.66,22.26,61.86,22.5,71.0,166209.075,5083.556,171292.63100000002,46497393.0,0.4144953556116491,True,1.5269673291145591
ES,2018,55.58,23.53,55.65,22.37,73.0,173404.751,5393.0,178797.751,46645070.0,0.4082825404218871,True,1.5650099785465004
ES,2019,55.16,22.79,51.22,22.38,97.0,176188.5,5422.0,181610.5,46918951.0,0.534110087247158,True,2.0673948997708838
ES,2020,45.79,17.92,44.3,19.84,121.0,169969.667,5172.232,175141.89899999998,47318050.0,0.690868379815843,True,2.5571637039142567
ES,2021,39.18,17.47,51.12,24.2,141.0,180446.53,6960.75,187407.28,47400798.0,0.7523720529960203,True,2.974633465031538
ES,2022,36.15,15.66,45.42,18.6,148.0,153780.073,4975.75,158755.823,47486843.0,0.9322492693701069,True,3.1166527536901114
ES,2023,35.975,15.95,49.83,23.1,130.0,149393.252,5275.5,154668.752,48085361.0,0.8405059090410194,True,2.7035255074824125
FI,2013,45.79,21.1,59.77,24.44,26.0,8192.404,244.997,8437.401,5426674.0,3.0815176379551,True,4.791148316630038
FI,2014,42.8,17.42,59.43,22.91,26.0,7801.068,267.252,8068.320000000001,5451270.0,3.222480020623872,True,4.769530769893988
FI,2015,41.7,17.01,58.15,21.56,23.0,7165.25,239.75,7405.0,5471753.0,3.1060094530722484,True,4.2034061113504215
FI,2016,42.84,17.52,58.03,21.67,24.0,7006.331,157.002,7163.3330000000005,5487308.0,3.3503956887108273,True,4.3737293405072215
FI,2017,40.86,16.76,55.82,21.01,24.0,7630.263,172.585,7802.848,5503297.0,3.0758000155840532,True,4.361022129098248
FI,2018,41.19,16.83,53.83,20.86,24.0,7306.99,207.271,7514.261,5513130.0,3.193926854550301,True,4.353243983000582
FI,2019,44.41,15.77,54.78,22.33,24.0,8252.586,200.77,8453.356,5517919.0,2.8391091064897775,True,4.349465804046779
FI,2020,44.3,15.97,56.24,22.69,10.0,8174.828,185.769,8360.597,5525292.0,1.1960868344688782,True,1.8098590988494363
FI,2021,43.18,15.53,52.95,20.83,12.0,8990.17,525.842,9516.012,5533793.0,1.2610324577144292,True,2.168494556988308
FI,2022,32.6,13.45,48.41,23.65,10.0,7212.742,555.905,7768.647,5548241.0,1.2872254332060653,True,1.8023730403924414
FI,2023,27.59,14.32,54.03,31.52,12.0,6409.028,483.752,6892.780000000001,5563970.0,1.7409521267181018,True,2.1567334115748285
FR,2013,83.4,76.7,89.9,83.8,61.0,386790.502,12499.271,399289.773,65600350.0,0.15277125567651342,True,0.9298730875673681
FR,2014,84.1,76.5,93.5,86.8,64.0,324817.798,12554.972,337372.77,66165980.0,0.1897011427448635,True,0.967264446170071
FR,2015,82.5,74.9,92.4,85.7,66.0,333279.754,13224.796,346504.55,66458153.0,0.1904736893065329,True,0.9931061430491456
FR,2016,77.6,71.6,87.6,82.5,71.0,349624.646,13661.404,363286.05,66638391.0,0.19543827790800114,True,1.0654518954396723
FR,2017,81.54,70.6,86.6,79.9,74.0,340324.287,13674.803,353999.09,66809816.0,0.2090400853855302,True,1.107621670444355
FR,2018,78.2,67.2,88.63,82.14,74.0,335950.978,11811.76,347762.738,67026224.0,0.21278875484353932,True,1.1040454852417168
FR,2019,76.61,65.59,86.86,79.78,67.0,325918.626,12168.029,338086.65499999997,67290471.0,0.19817404505362687,True,0.9956833263955012
FR,2020,69.44,63.87,88.61,77.78,68.0,306439.685,10875.471,317315.156,67473651.0,0.21429798959870672,True,1.0078008080517238
FR,2021,68.81,62.56,84.09,78.99,81.0,336234.977,9064.423,345299.4,67728568.0,0.23457903488972176,True,1.1959502820139354
FR,2022,66.25,59.92,78.28,72.48,78.0,284354.612,9022.163,293376.775,68091703.0,0.2658697165104497,True,1.145514013653029
FR,2023,64.08,58.22,78.94,73.94,63.0,261975.328,9311.832,271287.16000000003,68277210.0,0.23222625058996524,True,0.9227090562136326
GE,2013,,,,,,11870.77,1573.8,13444.57,,,False,
GE,2014,,,,,,14338.086,1596.652,15934.738,4490498.0,,False,
GE,2015,62.1,34.7,54.27,30.59,41.0,14996.687,1638.898,16635.585,3729500.0,2.464596225500937,True,10.993430754792868
GE,2016,59.1,33.1,53.53,30.67,40.0,15018.448,1339.665,16358.113,3720400.0,2.44526981810188,True,10.751532093323299
GE,2017,56.5,31.6,53.7,31.2,35.0,16355.134,1506.781,17861.915,3718200.0,1.9594763495403489,True,9.413156903878221
GE,2018,56.1,31.4,54.2,33.1,32.0,16197.694,1671.823,17869.517,3729633.0,1.7907590899071308,True,8.579932663615963
GE,2019,56.0,31.3,53.0,28.18,33.0,17648.739,1769.194,19417.933,3723464.0,1.6994599785672346,True,8.862714934265512
GE,2020,52.0,29.0,54.7,24.5,33.0,18327.666,1774.697,20102.363,3716858.0,1.6415980549152356,True,8.878466704942722
GE,2021,51.8,28.6,56.2,28.1,30.0,20663.421,1621.006,22284.427,3728573.0,1.3462316082886043,True,8.045973620470889
GE,2022,51.6,28.4,59.0,26.6,28.0,23504.47,1743.417,25247.887,3688647.0,1.109003696032068,True,7.590859195797266
GE,2023,51.1,28.2,48.0,25.0,28.0,23425.388,1676.582,25101.97,3736357.0,1.1154503013110126,True,7.49393058532683
HR,2013,93.0,88.0,95.0,84.0,42.0,11551.75,4604.25,16156.0,4247803.0,2.5996533795493937,True,9.887464178541236
HR,2014,90.65,85.65,92.28,80.29,40.0,10911.5,4812.25,15723.75,4217632.0,2.5439224103664837,True,9.48399481035804
HR,2015,84.94,84.94,89.89,77.75,45.0,11365.25,4763.25,16128.5,4180915.0,2.7900920730384104,True,10.763194181178044
HR,2016,82.98,82.98,95.58,80.74,46.0,11990.564,4409.862,16400.426,4131115.0,2.804805192255372,True,11.135008345204623
HR,2017,82.31,82.31,86.12,86.12,46.0,12576.822,4757.755,17334.577,4078769.0,2.653655754045801,True,11.277912527039406
HR,2018,82.18,82.18,82.7,82.7,44.0,12513.7,4115.424,16629.124,4014341.0,2.6459601840722335,True,10.960703139070647
HR,2019,80.01,80.01,77.81,77.81,45.0,12730.2,4816.884,17547.084000000003,3968676.0,2.5645286704047234,True,11.338794096570242
HR,2020,79.09,79.09,75.71,75.71,46.0,12794.394,4594.469,17388.863,3933511.0,2.645371350616771,True,11.69438702472168
HR,2021,74.51,74.51,75.51,75.51,42.0,13527.5,3072.222,16599.722,3893026.0,2.530162854534552,True,10.788522861136812
HR,2022,62.38,62.38,73.63,73.63,39.0,12190.267,603.042,12793.309,3862305.0,3.0484685392965964,True,10.097597160244982
HR,2023,66.25,66.25,78.43,78.43,39.0,11815.334,1290.889,13106.223,3850894.0,2.975685672371056,True,10.127518441172363
HU,2013,57.15,26.67,72.72,52.89,24.0,62031.5,4575.5,66607.0,9895250.0,0.36032248862732147,True,2.4254061292034055
HU,2014,63.53,28.05,73.62,53.95,29.0,58176.0,5753.5,63929.5,9850217.0,0.453624695954137,True,2.9440975767335886
HU,2015,60.8,29.8,72.03,53.09,32.0,61561.75,5165.5,66727.25,9815858.0,0.4795641960368515,True,3.260030860267131
HU,2016,63.34,27.66,76.33,52.9,28.0,64429.499,5668.25,70097.74900000001,9779652.0,0.39944221318718803,True,2.8630875618069025
HU,2017,49.41,23.66,79.47,51.28,27.0,66399.751,6479.5,72879.251,9739857.0,0.3704758162237424,True,2.772114621395365
HU,2018,65.162,42.425,79.803,55.151,27.0,64780.0,5670.5,70450.5,9713655.0,0.3832478122937381,True,2.779592233819299
HU,2019,56.479,39.914,77.189,56.317,29.0,63748.75,5767.5,69516.25,9700272.0,0.41716864761836264,True,2.9896068893738237
HU,2020,50.404,39.816,74.464,55.299,29.0,66173.25,6387.75,72561.0,9689376.0,0.39966373120546844,True,2.992968793862474
HU,2021,47.1,47.1,70.4,63.0,25.0,70759.001,6226.0,76985.001,9651461.0,0.32473858122051596,True,2.590281409208409
HU,2022,46.6,46.6,71.1,63.1,26.0,60418.749,3767.75,64186.499,9610403.0,0.40506960817414267,True,2.705401636122856
HU,2023,44.93,44.93,71.12,63.46,26.0,52507.75,5316.0,57823.75,9599744.0,0.44964223178192353,True,2.708405557481533
IE,2013,88.0,47.0,88.0,54.0,7.0,18897.773,0.0,18897.773,4609779.0,0.3704140165087177,True,1.5185109741703453
IE,2014,91.0,48.0,84.0,51.0,7.0,18754.29,0.0,18754.29,4637852.0,0.373247934205987,True,1.5093194004465862
IE,2015,85.0,45.0,81.0,55.0,7.0,19879.266,0.0,19879.266,4677627.0,0.3521256770747974,True,1.4964852905116204
IE,2016,75.0,40.0,83.5,47.0,8.0,20761.452,0.0,20761.452,4726286.0,0.3853295039287232,True,1.6926610027408413
IE,2017,94.0,53.0,81.0,43.0,9.0,21079.915,0.0,21079.915,4799157.0,0.4269466930962483,True,1.8753293547179224
IE,2018,94.0,53.0,84.0,44.0,9.0,22711.301,0.0,22711.301,4855733.0,0.39627848708446956,True,1.8534791760584859
IE,2019,80.0,44.0,65.0,28.0,11.0,22840.599,0.0,22840.599,4940311.0,0.48159857804079487,True,2.2265804723629747
IE,2020,73.0,35.0,73.0,31.0,9.0,22679.655,0.0,22679.655,5012600.0,0.39683143328238457,True,1.7954754019869927
IE,2021,77.0,44.0,73.0,41.0,8.0,22542.904,0.0,22542.904,5066893.0,0.3548788567790556,True,1.5788768383307086
IE,2022,75.0,42.0,72.0,38.0,6.0,20936.6,0.0,20936.6,5154277.0,0.28657948281956,True,1.1640817907147791
IE,2023,67.0,31.0,64.0,31.0,6.0,19196.016,0.0,19196.016,5271395.0,0.31256485720787064,True,1.1382186309316604
IT,2013,36.0,31.0,46.0,27.0,330.0,409635.0,5229.25,414864.25,60277309.0,0.795440918324488,True,5.474696954371337
IT,2014,36.0,31.0,42.0,29.0,342.0,359398.5,5924.5,365323.0,60345917.0,0.9361578657790504,True,5.667326258378011
IT,2015,38.0,28.0,40.0,27.0,378.0,383602.0,6658.25,390260.25,60295497.0,0.968584425393055,True,6.269124873454481
IT,2016,36.0,26.0,39.0,24.0,393.0,386546.5,7589.5,394136.0,60163712.0,0.9971177461586863,True,6.532176738031058
IT,2017,29.0,24.0,35.0,19.0,420.0,394506.554,7623.696,402130.25,60066734.0,1.0444377163866683,True,6.992223016486963
IT,2018,29.0,24.0,33.0,19.0,412.0,391100.277,7165.059,398265.336,59937769.0,1.0344862149890945,True,6.873796053369954
IT,2019,28.0,23.0,31.0,16.0,446.0,384285.259,7477.125,391762.384,59816673.0,1.1384451856919473,True,7.456115120277586
IT,2020,28.0,23.0,30.0,16.0,612.0,369918.155,7597.845,377516.0,59641488.0,1.621123343116583,True,10.261313399826644
IT,2021,27.0,22.0,32.0,17.0,697.0,425484.764,7720.515,433205.279,59236213.0,1.608936995433059,True,11.766451038995353
IT,2022,28.0,22.0,33.0,18.0,696.0,367184.665,6396.83,373581.495,59030133.0,1.86304731180542,True,11.790588376278942
IT,2023,27.0,21.0,33.0,17.0,634.0,342720.736,5321.232,348041.968,58997201.0,1.8216193973480808,True,10.746272522318474
LT,2013,76.66,50.59,69.02,24.38,5.0,6420.25,8871.5,15291.75,2974637.0,0.32697369496623996,True,1.6808773641960346
LT,2014,74.66,46.74,65.5,20.57,3.0,6071.25,10159.0,16230.25,2947862.0,0.1848400363518738,True,1.0176867166780534
LT,2015,67.3,35.88,63.21,22.7,4.0,6035.25,10953.25,16988.5,2926644.0,0.23545339494363837,True,1.3667531821430963
LT,2016,49.53,28.79,48.86,14.25,4.0,6411.25,9777.75,16189.0,2895573.0,0.2470813515349929,True,1.3814191526167705
LT,2017,54.57,31.72,40.68,14.2,4.0,6627.085,11577.399,18204.484,2859077.0,0.21972608506783273,True,1.3990529111318093
LT,2018,54.2,31.5,39.18,15.5,5.0,6942.453,9975.182,16917.635000000002,2826200.0,0.2955495847971658,True,1.769160002830656
LT,2019,53.76,31.26,38.77,15.54,5.0,6793.133,11148.968,17942.101000000002,2812200.0,0.27867416419069313,True,1.7779674276367259
LT,2020,52.0,30.2,43.6,22.9,5.0,6777.925,10531.133,17309.058,2809977.0,0.28886609542818564,True,1.7793739948761147
LT,2021,48.96,28.47,44.66,16.91,5.0,7535.493,9182.991,16718.484,2810761.0,0.2990701788511446,True,1.7788776776111523
LT,2022,48.7,28.32,34.22,11.98,5.0,6812.558,5559.048,12371.606,2805998.0,0.40415124762298443,True,1.7818972073394206
LT,2023,44.2,25.7,21.17,9.15,5.0,6657.57,5497.807,12155.377,2857279.0,0.4113405943723506,True,1.749916616473225
LU,2013,67.91,52.73,73.86,58.35,5.0,6992.894,0.0,6992.894,537039.0,0.7150115531566759,True,9.310310796795019
LU,2014,66.86,51.72,70.33,61.33,6.0,6682.945,0.0,6682.945,549680.0,0.8978077778584141,True,10.915441711541261
LU,2015,67.26,51.65,68.96,43.8,6.0,7004.45,0.0,7004.45,562958.0,0.8565983053630193,True,10.657988695426658
LU,2016,36.8,21.33,50.39,17.97,8.0,7362.88,0.0,7362.88,576249.0,1.0865313572949715,True,13.882887432342615
LU,2017,30.88,20.73,48.94,17.84,8.0,7251.825,0.0,7251.825,590667.0,1.103170581198526,True,13.544010415344008
LU,2018,36.72,20.78,48.09,14.43,9.0,7250.623,0.0,7250.623,602005.0,1.2412726465022386,True,14.950041943173229
LU,2019,32.77,18.1,57.86,18.65,8.0,7249.709,0.0,7249.709,613894.0,1.103492567770651,True,13.031565710041146
LU,2020,31.65,17.15,57.32,17.9,7.0,6562.72,0.0,6562.72,626108.0,1.0666309091352366,True,11.18017977729082
LU,2021,31.54,14.87,53.25,19.75,6.0,7065.683,0.0,7065.683,634730.0,0.8491748073045451,True,9.452838214673955
LU,2022,31.51,16.05,50.45,19.77,6.0,5564.628,0.0,5564.628,645397.0,1.0782391922694563,True,9.296603485916421
LU,2023,39.14,20.18,23.93,18.39,5.0,5339.651,0.0,5339.651,660809.0,0.9363907865888613,True,7.566482902018587
LV,2013,90.3,90.3,79.8,79.8,1.0,3996.25,0.0,3996.25,2023825.0,0.25023459493274947,True,0.49411386854100525
LV,2014,86.76,86.76,54.8,54.8,1.0,3799.0,0.0,3799.0,2001468.0,0.26322716504343247,True,0.49963326918042156
LV,2015,86.5,86.5,57.42,57.42,1.0,3681.25,0.0,3681.25,1986096.0,0.27164685908319186,True,0.5035003343242219
LV,2016,85.88,85.88,58.55,58.55,1.0,3736.217,0.0,3736.217,1968957.0,0.26765040681523583,True,0.5078831076554744
LV,2017,85.47,85.47,47.05,47.05,6.0,3814.712,0.0,3814.712,1950116.0,1.5728579247922254,True,3.0767400503354674
LV,2018,86.25,86.25,63.39,63.39,11.0,4006.313,0.0,4006.313,1934379.0,2.7456666516071007,True,5.686579517250756
LV,2019,86.35,86.35,66.61,66.61,11.0,3763.528,0.0,3763.528,1919968.0,2.9227894677547237,True,5.7292621543692395
LV,2020,86.63,86.63,57.07,57.07,11.0,3755.639,0.0,3755.639,1907675.0,2.9289290051573116,True,5.766181346403345
LV,2021,86.75,86.75,62.01,62.01,10.0,4087.818,0.0,4087.818,1893223.0,2.446292863331978,True,5.281997947415597
LV,2022,84.7,84.7,62.73,55.69,9.0,3460.141,0.0,3460.141,1875757.0,2.6010500728149517,True,4.798062862087147
LV,2023,79.84,79.84,71.94,66.48,12.0,3229.989,0.0,3229.989,1895239.0,3.715182930963542,True,6.331655268807786
MD,2013,86.9,63.2,99.11,79.42,20.0,4086.5,0.0,4086.5,3559497.0,4.894163709776092,True,5.618771416298427
MD,2014,86.9,63.2,97.56,76.27,20.0,4042.75,0.0,4042.75,2869302.0,4.947127574052316,True,6.970336339639397
MD,2015,86.9,63.2,97.56,79.08,20.0,4113.5,0.0,4113.5,2869302.0,4.862039625622948,True,6.970336339639397
MD,2016,86.9,63.2,92.84,80.48,20.0,4377.5,0.0,4377.5,2846327.0,4.568817818389491,True,7.026599543903424
MD,2017,86.9,63.2,92.55,79.79,11.0,4488.159,0.0,4488.159,2825628.0,2.450893562371565,True,3.8929399057483858
MD,2018,86.9,63.2,89.89,77.75,14.0,5090.977,0.0,5090.977,2780744.0,2.749963317453605,True,5.034623827292265
MD,2019,86.9,63.2,88.19,72.9,15.0,4917.723,0.0,4917.723,2729634.0,3.05019213160237,True,5.495242219286542
MD,2020,81.81,75.64,87.9,70.6,24.0,5112.991,0.0,5112.991,2684772.0,4.693925727622052,True,8.939306577988745
MD,2021,75.7,70.0,86.33,69.07,24.0,6197.75,0.0,6197.75,2643675.0,3.872373038602719,True,9.07827172402054
MD,2022,93.1,85.0,91.0,76.0,25.0,4621.499,0.0,4621.499,2565030.0,5.409500250892622,True,9.746474700100974
MD,2023,88.8,81.1,89.0,77.4,24.0,3747.458,0.0,3747.458,2512758.0,6.404341289482097,True,9.55125802007197
ME,2013,99.14,99.14,99.36,99.36,0.0,0.0,0.0,0.0,620893.0,,False,
ME,2014,99.14,99.14,99.21,99.21,0.0,0.0,0.0,0.0,621521.0,,False,
ME,2015,98.12,98.12,98.59,98.59,0.0,0.0,0.0,0.0,622099.0,,False,
ME,2016,97.44,97.44,97.67,97.67,0.0,0.0,0.0,0.0,622218.0,,False,
ME,2017,97.3,89.86,95.96,95.96,0.0,0.0,0.0,0.0,622387.0,,False,
ME,2018,96.85,89.45,92.95,92.95,0.0,0.0,0.0,0.0,622359.0,,False,
ME,2019,92.29,85.29,96.98,91.27,0.0,0.0,0.0,0.0,622182.0,,False,
ME,2020,90.58,83.71,92.94,87.34,0.0,0.0,0.0,0.0,621873.0,,False,
ME,2021,90.34,83.49,91.7,86.44,0.0,0.0,0.0,0.0,620739.0,,False,
ME,2022,89.84,83.0,90.24,84.34,0.0,0.0,0.0,0.0,617683.0,,False,
ME,2023,88.96,82.21,86.35,86.35,0.0,0.0,0.0,0.0,616695.0,,False,
MK,2013,96.0,90.0,96.0,90.0,7.0,313.75,0.0,313.75,2062294.0,22.310756972111555,False,
MK,2014,92.9,80.6,91.4,91.4,7.0,391.25,0.0,391.25,2065769.0,17.891373801916934,False,
MK,2015,91.19,79.1,89.8,89.8,7.0,366.25,0.0,366.25,2069172.0,19.112627986348123,False,
MK,2016,91.01,78.94,91.7,81.3,7.0,442.506,0.0,442.506,2071278.0,15.81899454470674,False,
MK,2017,90.39,78.4,93.16,78.03,7.0,512.746,0.0,512.746,2073702.0,13.651983633221906,False,
MK,2018,92.23,71.19,96.513,82.379,8.0,504.051,0.0,504.051,2075301.0,15.871409837496602,False,
MK,2019,91.75,70.82,93.15,75.71,6.0,501.821,0.0,501.821,2077132.0,11.95645459237457,False,
MK,2020,91.07,70.3,91.88,71.05,6.0,511.11,0.0,511.11,2076255.0,11.739155954686856,False,
MK,2021,90.47,69.83,90.4,61.95,6.0,610.129,0.0,610.129,2068808.0,9.833985927566138,False,
MK,2022,90.383,69.361,95.142,69.587,7.0,495.688,0.0,495.688,1837114.0,14.12178628492116,False,
MK,2023,76.053,58.076,89.995,63.406,8.0,544.029,0.0,544.029,1829954.0,14.70509844144338,False,
MT,2013,100.0,100.0,100.0,100.0,,0.0,0.0,0.0,421464.0,,False,
MT,2014,100.0,100.0,100.0,100.0,,0.0,0.0,0.0,428156.0,,False,
MT,2015,100.0,100.0,100.0,100.0,,0.0,0.0,0.0,438805.0,,False,
MT,2016,100.0,100.0,100.0,100.0,,0.0,0.0,0.0,449635.0,,False,
MT,2017,100.0,37.41,,,,0.0,0.0,0.0,459375.0,,False,
MT,2018,100.0,37.41,,,,0.0,0.0,0.0,474837.0,,False,
MT,2019,100.0,37.41,,,,0.0,0.0,0.0,492968.0,,False,
MT,2020,100.0,37.41,,,,0.0,0.0,0.0,514855.0,,False,
MT,2021,100.0,37.41,,,,0.0,0.0,0.0,516125.0,,False,
MT,2022,100.0,40.56,,,,0.0,0.0,0.0,520174.0,,False,
MT,2023,100.0,37.58,0.0,,,0.0,0.0,0.0,542051.0,,False,
NL,2013,56.0,,58.0,,45.0,226575.99,29924.761,256500.751,16779575.0,0.17543808283040857,True,2.6818319295929722
NL,2014,58.0,,60.0,,46.0,185938.764,32029.227,217967.991,16829289.0,0.21104016139690895,True,2.733329970149066
NL,2015,57.0,,62.0,,51.0,197188.204,27635.821,224824.025,16900726.0,0.22684408394521002,True,3.0176218465407936
NL,2016,52.0,,56.0,,48.0,203613.492,26542.28,230155.772,16979120.0,0.2085544046229699,True,2.8270016349492786
NL,2017,52.0,,52.0,,48.0,202026.988,31284.812,233311.8,17081507.0,0.20573327195624055,True,2.810056513163622
NL,2018,50.0,,49.0,,48.0,200326.23,27793.69,228119.92,17181084.0,0.21041564454344888,True,2.7937701718936947
NL,2019,50.0,,52.0,,52.0,193688.16,30734.632,224422.792,17282163.0,0.23170552124670118,True,3.0088826265554838
NL,2020,41.0,,43.0,,52.0,185220.348,28875.37,214095.718,17407585.0,0.24288201784586835,True,2.9872035667210586
NL,2021,38.0,,41.0,,52.0,199398.938,30891.936,230290.874,17475415.0,0.22580139237302127,True,2.975608876813512
NL,2022,36.0,,41.0,,48.0,157464.269,18934.084,176398.353,17590672.0,0.2721113841692161,True,2.728718948315334
NL,2023,36.0,,30.0,,53.0,147235.733,18615.763,165851.496,17811291.0,0.3195629902548482,True,2.975640564179205
PL,2013,19.33,11.76,36.93,17.34,64.0,103316.876,22559.255,125876.131,38062535.0,0.5084363452511899,True,1.681443445634927
PL,2014,19.22,11.68,36.91,17.93,78.0,97084.021,23971.511,121055.532,38017856.0,0.6443323878829429,True,2.051667511182114
PL,2015,18.71,11.41,25.48,17.43,88.0,98737.584,24651.02,123388.604,38005614.0,0.7131939024125761,True,2.315447396797747
PL,2016,18.4,11.25,29.92,15.95,113.0,107288.638,24519.175,131807.813,37967209.0,0.8573088152217503,True,2.9762524814505067
PL,2017,20.07,10.73,30.25,17.65,108.0,106639.997,25348.132,131988.12900000002,37972964.0,0.8182554053781609,True,2.8441287859435995
PL,2018,19.94,10.66,32.79,17.13,113.0,107411.847,23252.76,130664.607,37976687.0,0.8648095501484959,True,2.9755096857185044
PL,2019,27.71,11.82,34.72,18.35,112.0,108007.905,21759.978,129767.883,37972812.0,0.8630795032696957,True,2.9494786954413597
PL,2020,25.09,10.27,35.69,17.37,113.0,106791.001,23861.432,130652.433,37958138.0,0.8648901318202011,True,2.9769637277782173
PL,2021,23.32,9.55,41.35,16.86,108.0,124979.303,22763.747,147743.05,37073357.0,0.7309988523994869,True,2.9131432581085117
PL,2022,21.25,8.71,38.18,14.85,118.0,112059.036,19766.131,131825.167,36889761.0,0.8951249801944117,True,3.198719557982498
PL,2023,18.04,6.61,34.46,12.99,109.0,109289.847,15805.867,125095.714,36753736.0,0.8713328100113805,True,2.9656849034340342
PT,2013,63.0,43.8,61.7,43.9,22.0,18220.5,0.0,18220.5,10503889.0,1.2074311901429708,True,2.0944623462795544
PT,2014,64.7,44.5,64.2,46.5,22.0,18000.0,0.0,18000.0,10444092.0,1.2222222222222223,True,2.106454060343398
PT,2015,64.9,45.8,63.6,42.5,23.0,18779.379,0.0,18779.379,10395121.0,1.2247476340937578,True,2.2125764577439746
PT,2016,65.8,47.6,71.2,47.0,23.0,19021.393,0.0,19021.393,10368554.0,1.2091648597975975,True,2.218245668585996
PT,2017,66.1,48.1,70.4,39.5,25.0,20245.938,0.0,20245.938,10344478.0,1.2348155960963627,True,2.41674833664879
PT,2018,65.4,47.5,69.5,43.3,24.0,20979.629,0.0,20979.629,10335770.0,1.143966845171571,True,2.322033094776683
PT,2019,64.87,46.83,63.22,37.73,25.0,21107.035,0.0,21107.035,10333496.0,1.1844392165929511,True,2.419316753981421
PT,2020,66.61,46.39,65.68,39.14,26.0,19687.697,652.772,20340.469,10375395.0,1.2782399461880647,True,2.505928689943853
PT,2021,62.77,33.93,63.38,26.43,25.0,21766.837,652.772,22419.609,10394297.0,1.1150952721789216,True,2.4051650631110504
PT,2022,65.48,32.95,66.91,23.45,28.0,19727.216,574.315,20301.531,10421117.0,1.379206326852886,True,2.68685209080754
PT,2023,64.07,31.85,59.44,23.24,30.0,19123.353,640.615,19763.968,10516621.0,1.517913811639444,True,2.8526272839916924
RO,2013,57.26,30.06,76.12,26.8,67.0,66071.5,8979.25,75050.75,20020074.0,0.8927292532053311,True,3.346640976451935
RO,2014,56.09,28.56,67.55,29.9,70.0,63572.25,9575.5,73147.75,19947311.0,0.9569672341254516,True,3.5092449303066466
RO,2015,58.14,31.04,65.13,25.69,74.0,61630.75,3880.75,65511.5,19870647.0,1.1295726704471734,True,3.7240860853700433
RO,2016,56.65,30.36,65.83,28.48,84.0,60521.5,3204.25,63725.75,19760585.0,1.3181484721639212,True,4.250886297141507
RO,2017,56.7,30.21,63.36,23.1,86.0,65598.294,4071.241,69669.53499999999,19643949.0,1.2343989377853608,True,4.377938468482076
RO,2018,51.28,30.13,72.45,27.86,80.0,66935.591,4329.588,71265.179,19533481.0,1.1225678672609523,True,4.095532178826703
RO,2019,54.1,31.8,71.77,26.66,73.0,65432.248,4504.387,69936.635,19414458.0,1.0438020073456495,True,3.7600843659915717
RO,2020,59.411,33.68,69.335,27.75,76.0,67999.277,5323.24,73322.517,19328838.0,1.0365165178385787,True,3.9319487286302466
RO,2021,61.87,35.35,72.35,29.61,75.0,76184.38,4647.477,80831.857,19201662.0,0.9278519977587549,True,3.9059118945016325
RO,2022,61.01,36.12,70.1,25.38,68.0,62566.302,336.738,62903.04,19043098.0,1.081028834218505,True,3.570847558522253
RO,2023,58.52,36.67,63.355,25.656,58.0,58162.495,268.111,58430.606,19055228.0,0.9926304717770684,True,3.0437840995657464
RS,2013,94.9,41.9,99.3,53.5,37.0,11654.75,0.0,11654.75,7181505.0,3.1746712713700425,True,5.152123405887763
RS,2014,93.7,41.5,99.1,50.8,35.0,7859.255,1058.203,8917.458,7146759.0,3.9248853204579155,True,4.897324787361655
RS,2015,98.66,98.66,99.24,99.24,36.0,8651.552,1460.009,10111.561,7114393.0,3.5602811474904814,True,5.06016465494667
RS,2016,98.35,98.35,98.9,98.9,38.0,9192.88,2704.42,11897.3,7076372.0,3.1940020004538847,True,5.369983375661992
RS,2017,98.33,98.33,98.55,98.55,39.0,10969.665,2771.731,13741.396,7040272.0,2.8381395893110133,True,5.539558698868453
RS,2018,95.31,95.31,97.92,97.92,37.0,12071.35,1827.904,13899.254,7001444.0,2.6620133713651106,True,5.284624143248164
RS,2019,93.56,93.56,96.12,96.12,35.0,10644.268,1571.962,12216.23,6963764.0,2.865041015108589,True,5.0260175387908035
RS,2020,95.16,95.16,97.4,97.4,35.0,9837.812,1742.781,11580.593,6926705.0,3.022297735530469,True,5.0529075512815975
RS,2021,90.9,90.9,95.03,95.03,34.0,12700.12,1235.858,13935.978,6871547.0,2.439728306115294,True,4.947939670644762
RS,2022,90.81,90.81,94.02,94.02,33.0,13177.187,0.0,13177.187,6797105.0,2.5043281240525768,True,4.855008124782536
RS,2023,88.53,88.53,92.11,92.11,34.0,12374.848,0.0,12374.848,6641197.0,2.747508494649793,True,5.119559019255113
SE,2013,47.72,22.99,62.37,18.97,6.0,5772.75,1092.0,6864.75,9555893.0,0.8740303725554464,True,0.627884803649434
SE,2014,59.98,22.51,69.6,17.93,6.0,6148.25,1058.0,7206.25,9644864.0,0.8326105810928014,True,0.6220927532000451
SE,2015,54.92,22.02,70.68,19.79,7.0,6610.75,1139.0,7749.75,9747355.0,0.9032549437078616,True,0.718143537400659
SE,2016,54.24,21.74,67.35,18.5,7.0,5356.0,1111.0,6467.0,9851017.0,1.0824184320395855,True,0.7105865313195582
SE,2017,48.8,22.17,65.93,17.53,7.0,4137.064,2862.867,6999.9310000000005,9995153.0,1.0000098572400213,True,0.7003394545336125
SE,2018,48.47,21.42,67.5,19.37,7.0,5407.412,4014.75,9422.162,10120242.0,0.7429292767413679,True,0.6916830644958886
SE,2019,46.44,20.82,65.24,17.54,7.0,5526.518,3939.293,9465.811,10230185.0,0.739503461457238,True,0.6842496005692956
SE,2020,43.93,20.66,64.55,19.1,8.0,5478.716,4357.925,9836.641,10327589.0,0.8132857547612036,True,0.7746241644589071
SE,2021,41.28,20.37,59.78,19.41,7.0,5332.091,4164.985,9497.076,10379295.0,0.7370689673326822,True,0.6744196017166869
SE,2022,34.16,19.32,61.89,19.04,6.0,4541.394,1972.848,6514.242,10452326.0,0.9210588123683461,True,0.5740349085935513
SE,2023,32.53,18.4,56.13,17.8,6.0,3632.795,2025.213,5658.008,10521556.0,1.0604438876721278,True,0.5702578591987725
SI,2013,93.5,57.5,94.5,57.1,21.0,6287.5,50.0,6337.5,2058821.0,3.313609467455621,True,10.200012531443967
SI,2014,87.07,53.24,93.34,52.4,21.0,6025.0,52.0,6077.0,2061085.0,3.455652460095442,True,10.188808321830493
SI,2015,93.0,55.4,92.3,51.3,20.0,6489.0,58.5,6547.5,2062874.0,3.0546009927453226,True,9.695211631927108
SI,2016,93.5,56.4,94.3,53.9,22.0,6959.25,63.5,7022.75,2064188.0,3.132675946032537,True,10.65794394696607
SI,2017,93.29,56.29,92.0,48.52,28.0,7098.152,62.935,7161.087,2065895.0,3.910020922801245,True,13.553447779291785
SI,2018,88.02,53.74,91.97,51.46,23.0,6949.832,66.191,7016.023,2066880.0,3.2782104619668435,True,11.127883573308562
SI,2019,87.16,53.04,92.04,50.25,22.0,6882.019,65.707,6947.726000000001,2080908.0,3.1665036876814083,True,10.572307857915872
SI,2020,87.0,52.94,92.56,50.07,22.0,6734.34,61.764,6796.104,2095861.0,3.2371488134966735,True,10.496879325489619
SI,2021,93.43,55.89,93.62,50.52,23.0,7171.321,67.821,7239.142,2108977.0,3.1771721013346608,True,10.90576141892491
SI,2022,93.46,55.96,93.24,48.84,19.0,6454.942,61.269,6516.211,2107180.0,2.915804905642251,True,9.016790212511507
SI,2023,90.473,54.273,92.807,49.24,19.0,6081.799,51.063,6132.862,2116972.0,3.0980641664527915,True,8.975083279325375
SK,2013,82.89,58.09,83.76,83.76,26.0,34847.0,4543.5,39390.5,5410836.0,0.6600576281083002,True,4.80517243546099
SK,2014,72.65,67.17,81.85,81.85,25.0,28713.5,3337.75,32051.25,5415949.0,0.7800007800007799,True,4.615996199373369
SK,2015,72.68,56.31,79.5,73.11,29.0,28845.5,4488.75,33334.25,5421349.0,0.8699760756579195,True,5.349222121652747
SK,2016,73.27,51.65,80.49,71.26,25.0,29768.75,3982.0,33750.75,5426252.0,0.7407242802011808,True,4.60723165824219
SK,2017,73.61,49.87,79.82,71.39,28.0,31977.25,4480.5,36457.75,5435343.0,0.7680122881966112,True,5.151468821746852
SK,2018,70.66,54.07,78.08,70.49,27.0,30797.63,5246.894,36044.524000000005,5443120.0,0.7490735624640236,True,4.960390364349858
SK,2019,69.04,52.83,80.34,66.06,26.0,29829.507,4218.536,34048.043000000005,5450421.0,0.7636268551470049,True,4.770273709131827
SK,2020,69.6,53.36,79.82,64.44,26.0,28227.573,4515.802,32743.375,5457873.0,0.7940537589665085,True,4.763760534552563
SK,2021,74.36,57.11,79.38,63.67,26.0,31412.82,4724.723,36137.543,5459781.0,0.7194733742689701,True,4.762095769042751
SK,2022,73.74,56.63,77.73,70.38,20.0,28478.919,3782.739,32261.658000000003,5434712.0,0.6199309409330419,True,3.6800478111811628
SK,2023,73.56,56.5,81.45,73.32,19.0,26188.75,3486.75,29675.5,5428792.0,0.6402587993462621,True,3.499857795251688
TR,2013,,,,,119.0,219526.75,2955.25,222482.0,75627384.0,0.5348747314389479,True,1.5735041159165308
TR,2014,43.15,,51.89,,118.0,225782.75,2831.5,228614.25,76667864.0,0.5161533019048463,True,1.539106397955733
TR,2015,40.57,,43.8,,117.0,245995.5,3304.0,249299.5,77695904.0,0.4693150206879677,True,1.505870888637836
TR,2016,37.08,,37.64,,118.0,245984.5,7497.25,253481.75,78741053.0,0.46551674824716177,True,1.498582956466178
TR,2017,31.57,,35.05,,121.0,287994.968,4726.582,292721.55,79814871.0,0.41336211836812153,True,1.5160082135570951
TR,2018,22.23,,20.61,,118.0,279787.996,10375.5,290163.496,80810525.0,0.40666728112484557,True,1.4602058333366847
TR,2019,20.22,,25.32,,112.0,295087.364,5534.35,300621.714,82003882.0,0.3725612448607089,True,1.3657890000866055
TR,2020,19.13,,30.97,,119.0,302186.129,7556.437,309742.566,83154997.0,0.38419001152072846,True,1.431062525322441
TR,2021,22.89,,21.58,,123.0,337629.096,9269.019,346898.115,83614362.0,0.35457096675201016,True,1.4710391499489046
TR,2022,20.039,,19.58,,117.0,338029.087,6552.985,344582.072,84680273.0,0.33954175073855847,True,1.3816677232488375
TR,2023,19.54,,20.37,,111.0,319028.503,10291.204,329319.70700000005,85279553.0,0.3370584803781572,True,1.3016015691358043
XK,2013,96.38,96.38,98.79,98.79,0.0,0.0,0.0,0.0,,,False,
XK,2014,96.21,96.21,98.68,98.68,0.0,0.0,0.0,0.0,,,False,
XK,2015,95.84,95.84,97.43,97.43,0.0,0.0,0.0,0.0,,,False,
XK,2016,92.91,92.91,95.98,95.98,0.0,0.0,0.0,0.0,1771604.0,,False,
XK,2017,92.53,92.53,96.62,96.62,0.0,0.0,0.0,0.0,1783531.0,,False,
XK,2018,89.23,89.23,94.29,94.29,0.0,0.0,0.0,0.0,1798506.0,,False,
XK,2019,86.6,86.6,93.6,93.6,0.0,0.0,0.0,0.0,1795666.0,,False,
XK,2020,86.5,86.5,95.0,95.0,0.0,0.0,0.0,0.0,1782115.0,,False,
XK,2021,86.5,86.5,95.0,95.0,0.0,0.0,0.0,0.0,1798186.0,,False,
XK,2022,86.5,86.5,95.0,95.0,0.0,0.0,0.0,0.0,1773971.0,,False,
XK,2023,86.5,86.5,95.0,95.0,0.0,0.0,0.0,0.0,,,False,
