geo,year,fc_e_gwh,fc_ne_gwh,gas_fc_gwh
AL,2013,65.0,0.0,65.0
AL,2014,79.5,0.0,79.5
AL,2015,129.75,0.0,129.75
AL,2016,116.707,0.0,116.707
AL,2017,145.374,0.0,145.374
AL,2018,85.83,0.0,85.83
AL,2019,75.363,0.0,75.363
AL,2020,75.35,0.0,75.35
AL,2021,75.35,0.0,75.35
AL,2022,68.617,0.0,68.617
AL,2023,124.97,0.0,124.97
AT,2013,54996.143,3450.344,58446.486999999994
AT,2014,50933.702,4008.465,54942.167
AT,2015,53047.628,3863.871,56911.498999999996
AT,2016,54990.211,3960.476,58950.687000000005
AT,2017,55667.458,3847.077,59514.534999999996
AT,2018,54144.263,3213.87,57358.133
AT,2019,55614.85,4129.559,59744.409
AT,2020,54516.552,3938.032,58454.584
AT,2021,57496.226,3829.841,61326.067
AT,2022,50721.168,3413.172,54134.34
AT,2023,44941.327,3558.578,48499.905
BA,2014,1292.25,0.0,1292.25
BA,2015,1533.0,0.0,1533.0
BA,2016,1580.25,0.0,1580.25
BA,2017,1730.26,0.0,1730.26
BA,2018,1722.005,0.0,1722.005
BA,2019,1628.005,0.0,1628.005
BA,2020,1456.004,0.0,1456.004
BA,2021,1834.005,0.0,1834.005
BA,2022,1812.755,0.0,1812.755
BA,2023,1602.255,0.0,1602.255
BE,2013,113959.293,10947.136,124906.429
BE,2014,97064.668,10052.346,107117.01400000001
BE,2015,104149.198,11522.858,115672.05600000001
BE,2016,108309.701,10924.182,119233.883
BE,2017,110070.703,12620.057,122690.76
BE,2018,110817.122,12206.652,123023.774
BE,2019,110189.164,11847.024,122036.18800000001
BE,2020,108853.53,10556.473,119410.003
BE,2021,120893.283,9319.845,130213.128
BE,2022,98456.578,8023.427,106480.00499999999
BE,2023,96756.982,7732.864,104489.846
BG,2013,13443.656,2409.278,15852.934000000001
BG,2014,13708.448,2561.787,16270.235
BG,2015,15114.966,3166.045,18281.011
BG,2016,15125.707,3349.24,18474.947
BG,2017,15732.872,3233.073,18965.945
BG,2018,15139.589,2417.958,17557.547
BG,2019,13323.333,1754.595,15077.928
BG,2020,13515.302,1739.191,15254.493
BG,2021,15314.607,1871.714,17186.321
BG,2022,12918.395,1492.582,14410.977
BG,2023,11788.079,1379.228,13167.307
CY,2013,0.0,0.0,0.0
CY,2014,0.0,0.0,0.0
CY,2015,0.0,0.0,0.0
CY,2016,0.0,0.0,0.0
CY,2017,0.0,0.0,0.0
CY,2018,0.0,0.0,0.0
CY,2019,0.0,0.0,0.0
CY,2020,0.0,0.0,0.0
CY,2021,0.0,0.0,0.0
CY,2022,0.0,0.0,0.0
CY,2023,0.0,0.0,0.0
CZ,2013,62418.0,1076.5,63494.5
CZ,2014,55902.5,1099.25,57001.75
CZ,2015,58431.25,1115.5,59546.75
CZ,2016,61452.678,1166.253,62618.931
CZ,2017,64307.25,1032.0,65339.25
CZ,2018,60083.152,1036.587,61119.739
CZ,2019,60328.091,1130.905,61458.996
CZ,2020,59992.712,1107.238,61099.95
CZ,2021,63990.062,957.095,64947.157
CZ,2022,54853.233,717.311,55570.544
CZ,2023,48924.319,611.872,49536.191000000006
DE,2013,614593.889,28031.826,642625.715
DE,2014,551594.151,29398.665,580992.816
DE,2015,573385.0,27588.0,600973.0
DE,2016,609593.025,30505.076,640098.101
DE,2017,613740.749,30030.38,643771.129
DE,2018,618670.287,34976.176,653646.463
DE,2019,608994.34,39905.375,648899.715
DE,2020,605504.306,33118.069,638622.375
DE,2021,664644.596,33549.75,698194.346
DE,2022,578249.119,20678.5,598927.619
DE,2023,531297.514,20900.783,552198.297
DK,2013,18374.301,0.0,18374.301
DK,2014,16798.329,0.0,16798.329
DK,2015,17623.384,0.0,17623.384
DK,2016,18204.132,0.0,18204.132
DK,2017,18413.78,0.0,18413.78
DK,2018,18077.104,0.0,18077.104
DK,2019,17705.803,0.0,17705.803
DK,2020,17171.111,0.0,17171.111
DK,2021,18409.147,0.0,18409.147
DK,2022,14273.454,0.0,14273.454
DK,2023,13714.845,0.0,13714.845
EE,2013,2908.0,798.0,3706.0
EE,2014,2603.25,0.0,2603.25
EE,2015,2586.75,0.0,2586.75
EE,2016,2935.75,0.0,2935.75
EE,2017,2662.972,0.0,2662.972
EE,2018,2943.688,0.0,2943.688
EE,2019,2867.506,0.0,2867.506
EE,2020,2896.878,0.0,2896.878
EE,2021,3080.131,0.0,3080.131
EE,2022,2073.806,0.0,2073.806
EE,2023,1878.599,0.0,1878.599
EL,2013,10554.81,3739.021,14293.831
EL,2014,9706.277,4049.011,13755.288
EL,2015,11267.686,4044.727,15312.413
EL,2016,12182.5,1702.25,13884.75
EL,2017,9846.147,4729.639,14575.786
EL,2018,9438.337,5641.98,15080.317
EL,2019,10426.188,4976.636,15402.824
EL,2020,12768.228,4361.473,17129.701
EL,2021,13691.794,3540.948,17232.742
EL,2022,13748.757,247.256,13996.012999999999
EL,2023,12492.66,1368.548,13861.208
ES,2013,172034.945,5472.03,177506.975
ES,2014,166323.033,5640.577,171963.61
ES,2015,158667.057,5075.292,163742.349
ES,2016,164077.351,5176.043,169253.394
ES,2017,166209.075,5083.556,171292.63100000002
ES,2018,173404.751,5393.0,178797.751
ES,2019,176188.5,5422.0,181610.5
ES,2020,169969.667,5172.232,175141.89899999998
ES,2021,180446.53,6960.75,187407.28
ES,2022,153780.073,4975.75,158755.823
ES,2023,149393.252,5275.5,154668.752
EU27_2020,2013,2438883.476,159097.669,2597981.1449999996
EU27_2020,2014,2166528.494,166305.563,2332834.057
EU27_2020,2015,2246128.306,159234.93,2405363.236
EU27_2020,2016,2337269.417,157469.493,2494738.9099999997
EU27_2020,2017,2354585.903,172972.007,2527557.91
EU27_2020,2018,2354089.099,168535.292,2522624.391
EU27_2020,2019,2321693.557,175967.903,2497661.46
EU27_2020,2020,2268603.489,167813.45,2436416.9390000002
EU27_2020,2021,2500440.376,163735.397,2664175.773
EU27_2020,2022,2138501.623,110880.86,2249382.483
EU27_2020,2023,1990753.751,108942.267,2099696.018
FI,2013,8192.404,244.997,8437.401
FI,2014,7801.068,267.252,8068.320000000001
FI,2015,7165.25,239.75,7405.0
FI,2016,7006.331,157.002,7163.3330000000005
FI,2017,7630.263,172.585,7802.848
FI,2018,7306.99,207.271,7514.2609999999995
FI,2019,8252.586,200.77,8453.356
FI,2020,8174.828,185.769,8360.597
FI,2021,8990.17,525.842,9516.012
FI,2022,7212.742,555.905,7768.647
FI,2023,6409.028,483.752,6892.780000000001
FR,2013,386790.502,12499.271,399289.773
FR,2014,324817.798,12554.972,337372.77
FR,2015,333279.754,13224.796,346504.55
FR,2016,349624.646,13661.404,363286.05
FR,2017,340324.287,13674.803,353999.09
FR,2018,335950.978,11811.76,347762.738
FR,2019,325918.626,12168.029,338086.65499999997
FR,2020,306439.685,10875.471,317315.156
FR,2021,336234.977,9064.423,345299.4
FR,2022,284354.612,9022.163,293376.775
FR,2023,261975.328,9311.832,271287.16000000003
GE,2013,11870.77,1573.8,13444.57
GE,2014,14338.086,1596.652,15934.738
GE,2015,14996.687,1638.898,16635.585
GE,2016,15018.448,1339.665,16358.113000000001
GE,2017,16355.134,1506.781,17861.915
GE,2018,16197.694,1671.823,17869.517
GE,2019,17648.739,1769.194,19417.933
GE,2020,18327.666,1774.697,20102.363
GE,2021,20663.421,1621.006,22284.427
GE,2022,23504.47,1743.417,25247.887000000002
GE,2023,23425.388,1676.582,25101.969999999998
HR,2013,11551.75,4604.25,16156.0
HR,2014,10911.5,4812.25,15723.75
HR,2015,11365.25,4763.25,16128.5
HR,2016,11990.564,4409.862,16400.426
HR,2017,12576.822,4757.755,17334.577
HR,2018,12513.7,4115.424,16629.124
HR,2019,12730.2,4816.884,17547.084000000003
HR,2020,12794.394,4594.469,17388.863
HR,2021,13527.5,3072.222,16599.722
HR,2022,12190.267,603.042,12793.309
HR,2023,11815.334,1290.889,13106.223
HU,2013,62031.5,4575.5,66607.0
HU,2014,58176.0,5753.5,63929.5
HU,2015,61561.75,5165.5,66727.25
HU,2016,64429.499,5668.25,70097.74900000001
HU,2017,66399.751,6479.5,72879.251
HU,2018,64780.0,5670.5,70450.5
HU,2019,63748.75,5767.5,69516.25
HU,2020,66173.25,6387.75,72561.0
HU,2021,70759.001,6226.0,76985.001
HU,2022,60418.749,3767.75,64186.499
HU,2023,52507.75,5316.0,57823.75
IE,2013,18897.773,0.0,18897.773
IE,2014,18754.29,0.0,18754.29
IE,2015,19879.266,0.0,19879.266
IE,2016,20761.452,0.0,20761.452
IE,2017,21079.915,0.0,21079.915
IE,2018,22711.301,0.0,22711.301
IE,2019,22840.599,0.0,22840.599
IE,2020,22679.655,0.0,22679.655
IE,2021,22542.904,0.0,22542.904
IE,2022,20936.6,0.0,20936.6
IE,2023,19196.016,0.0,19196.016
IS,2013,0.0,0.0,0.0
IS,2014,0.0,0.0,0.0
IS,2015,0.0,0.0,0.0
IS,2016,0.0,0.0,0.0
IS,2017,0.0,0.0,0.0
IS,2018,0.0,0.0,0.0
IS,2019,0.0,0.0,0.0
IS,2020,0.0,0.0,0.0
IS,2021,0.0,0.0,0.0
IS,2022,0.0,0.0,0.0
IS,2023,0.0,0.0,0.0
IT,2013,409635.0,5229.25,414864.25
IT,2014,359398.5,5924.5,365323.0
IT,2015,383602.0,6658.25,390260.25
IT,2016,386546.5,7589.5,394136.0
IT,2017,394506.554,7623.696,402130.25
IT,2018,391100.277,7165.059,398265.336
IT,2019,384285.259,7477.125,391762.384
IT,2020,369918.155,7597.845,377516.0
IT,2021,425484.764,7720.515,433205.27900000004
IT,2022,367184.665,6396.83,373581.495
IT,2023,342720.736,5321.232,348041.968
LT,2013,6420.25,8871.5,15291.75
LT,2014,6071.25,10159.0,16230.25
LT,2015,6035.25,10953.25,16988.5
LT,2016,6411.25,9777.75,16189.0
LT,2017,6627.085,11577.399,18204.484
LT,2018,6942.453,9975.182,16917.635000000002
LT,2019,6793.133,11148.968,17942.101000000002
LT,2020,6777.925,10531.133,17309.058
LT,2021,7535.493,9182.991,16718.484
LT,2022,6812.558,5559.048,12371.606
LT,2023,6657.57,5497.807,12155.377
LU,2013,6992.894,0.0,6992.894
LU,2014,6682.945,0.0,6682.945
LU,2015,7004.45,0.0,7004.45
LU,2016,7362.88,0.0,7362.88
LU,2017,7251.825,0.0,7251.825
LU,2018,7250.623,0.0,7250.623
LU,2019,7249.709,0.0,7249.709
LU,2020,6562.72,0.0,6562.72
LU,2021,7065.683,0.0,7065.683
LU,2022,5564.628,0.0,5564.628
LU,2023,5339.651,0.0,5339.651
LV,2013,3996.25,0.0,3996.25
LV,2014,3799.0,0.0,3799.0
LV,2015,3681.25,0.0,3681.25
LV,2016,3736.217,0.0,3736.217
LV,2017,3814.712,0.0,3814.712
LV,2018,4006.313,0.0,4006.313
LV,2019,3763.528,0.0,3763.528
LV,2020,3755.639,0.0,3755.639
LV,2021,4087.818,0.0,4087.818
LV,2022,3460.141,0.0,3460.141
LV,2023,3229.989,0.0,3229.989
MD,2013,4086.5,0.0,4086.5
MD,2014,4042.75,0.0,4042.75
MD,2015,4113.5,0.0,4113.5
MD,2016,4377.5,0.0,4377.5
MD,2017,4488.159,0.0,4488.159
MD,2018,5090.977,0.0,5090.977
MD,2019,4917.723,0.0,4917.723
MD,2020,5112.991,0.0,5112.991
MD,2021,6197.75,0.0,6197.75
MD,2022,4621.499,0.0,4621.499
MD,2023,3747.458,0.0,3747.458
ME,2013,0.0,0.0,0.0
ME,2014,0.0,0.0,0.0
ME,2015,0.0,0.0,0.0
ME,2016,0.0,0.0,0.0
ME,2017,0.0,0.0,0.0
ME,2018,0.0,0.0,0.0
ME,2019,0.0,0.0,0.0
ME,2020,0.0,0.0,0.0
ME,2021,0.0,0.0,0.0
ME,2022,0.0,0.0,0.0
ME,2023,0.0,0.0,0.0
MK,2013,313.75,0.0,313.75
MK,2014,391.25,0.0,391.25
MK,2015,366.25,0.0,366.25
MK,2016,442.506,0.0,442.506
MK,2017,512.746,0.0,512.746
MK,2018,504.051,0.0,504.051
MK,2019,501.821,0.0,501.821
MK,2020,511.11,0.0,511.11
MK,2021,610.129,0.0,610.129
MK,2022,495.688,0.0,495.688
MK,2023,544.029,0.0,544.029
MT,2013,0.0,0.0,0.0
MT,2014,0.0,0.0,0.0
MT,2015,0.0,0.0,0.0
MT,2016,0.0,0.0,0.0
MT,2017,0.0,0.0,0.0
MT,2018,0.0,0.0,0.0
MT,2019,0.0,0.0,0.0
MT,2020,0.0,0.0,0.0
MT,2021,0.0,0.0,0.0
MT,2022,0.0,0.0,0.0
MT,2023,0.0,0.0,0.0
NL,2013,226575.99,29924.761,256500.751
NL,2014,185938.764,32029.227,217967.99099999998
NL,2015,197188.204,27635.821,224824.025
NL,2016,203613.492,26542.28,230155.772
NL,2017,202026.988,31284.812,233311.80000000002
NL,2018,200326.23,27793.69,228119.92
NL,2019,193688.16,30734.632,224422.79200000002
NL,2020,185220.348,28875.37,214095.718
NL,2021,199398.938,30891.936,230290.874
NL,2022,157464.269,18934.084,176398.353
NL,2023,147235.733,18615.763,165851.496
NO,2013,4862.581,5559.391,10421.972
NO,2014,4831.846,6030.651,10862.497
NO,2015,4843.973,6397.996,11241.969000000001
NO,2016,4805.118,5236.933,10042.051
NO,2017,5219.891,5876.24,11096.131
NO,2018,4708.244,5266.053,9974.296999999999
NO,2019,4802.128,6241.085,11043.213
NO,2020,4282.56,6129.349,10411.909
NO,2021,4656.981,4314.765,8971.746
NO,2022,4711.06,3908.231,8619.291000000001
NO,2023,4106.643,3700.18,7806.823
PL,2013,103316.876,22559.255,125876.13100000001
PL,2014,97084.021,23971.511,121055.53199999999
PL,2015,98737.584,24651.02,123388.604
PL,2016,107288.638,24519.175,131807.813
PL,2017,106639.997,25348.132,131988.12900000002
PL,2018,107411.847,23252.76,130664.60699999999
PL,2019,108007.905,21759.978,129767.883
PL,2020,106791.001,23861.432,130652.433
PL,2021,124979.303,22763.747,147743.05
PL,2022,112059.036,19766.131,131825.167
PL,2023,109289.847,15805.867,125095.71399999999
PT,2013,18220.5,0.0,18220.5
PT,2014,18000.0,0.0,18000.0
PT,2015,18779.379,0.0,18779.379
PT,2016,19021.393,0.0,19021.393
PT,2017,20245.938,0.0,20245.938
PT,2018,20979.629,0.0,20979.629
PT,2019,21107.035,0.0,21107.035
PT,2020,19687.697,652.772,20340.469
PT,2021,21766.837,652.772,22419.609
PT,2022,19727.216,574.315,20301.531
PT,2023,19123.353,640.615,19763.968
RO,2013,66071.5,8979.25,75050.75
RO,2014,63572.25,9575.5,73147.75
RO,2015,61630.75,3880.75,65511.5
RO,2016,60521.5,3204.25,63725.75
RO,2017,65598.294,4071.241,69669.53499999999
RO,2018,66935.591,4329.588,71265.179
RO,2019,65432.248,4504.387,69936.635
RO,2020,67999.277,5323.24,73322.517
RO,2021,76184.38,4647.477,80831.857
RO,2022,62566.302,336.738,62903.04
RO,2023,58162.495,268.111,58430.606
RS,2013,11654.75,0.0,11654.75
RS,2014,7859.255,1058.203,8917.458
RS,2015,8651.552,1460.009,10111.561
RS,2016,9192.88,2704.42,11897.3
RS,2017,10969.665,2771.731,13741.396
RS,2018,12071.35,1827.904,13899.254
RS,2019,10644.268,1571.962,12216.23
RS,2020,9837.812,1742.781,11580.593
RS,2021,12700.12,1235.858,13935.978000000001
RS,2022,13177.187,0.0,13177.187
RS,2023,12374.848,0.0,12374.848
SE,2013,5772.75,1092.0,6864.75
SE,2014,6148.25,1058.0,7206.25
SE,2015,6610.75,1139.0,7749.75
SE,2016,5356.0,1111.0,6467.0
SE,2017,4137.064,2862.867,6999.9310000000005
SE,2018,5407.412,4014.75,9422.162
SE,2019,5526.518,3939.293,9465.811
SE,2020,5478.716,4357.925,9836.641
SE,2021,5332.091,4164.985,9497.076000000001
SE,2022,4541.394,1972.848,6514.242
SE,2023,3632.795,2025.213,5658.008
SI,2013,6287.5,50.0,6337.5
SI,2014,6025.0,52.0,6077.0
SI,2015,6489.0,58.5,6547.5
SI,2016,6959.25,63.5,7022.75
SI,2017,7098.152,62.935,7161.087
SI,2018,6949.832,66.191,7016.023
SI,2019,6882.019,65.707,6947.726000000001
SI,2020,6734.34,61.764,6796.104
SI,2021,7171.321,67.821,7239.142
SI,2022,6454.942,61.269,6516.211
SI,2023,6081.799,51.063,6132.862
SK,2013,34847.0,4543.5,39390.5
SK,2014,28713.5,3337.75,32051.25
SK,2015,28845.5,4488.75,33334.25
SK,2016,29768.75,3982.0,33750.75
SK,2017,31977.25,4480.5,36457.75
SK,2018,30797.63,5246.894,36044.524000000005
SK,2019,29829.507,4218.536,34048.043000000005
SK,2020,28227.573,4515.802,32743.375
SK,2021,31412.82,4724.723,36137.543
SK,2022,28478.919,3782.739,32261.658000000003
SK,2023,26188.75,3486.75,29675.5
TR,2013,219526.75,2955.25,222482.0
TR,2014,225782.75,2831.5,228614.25
TR,2015,245995.5,3304.0,249299.5
TR,2016,245984.5,7497.25,253481.75
TR,2017,287994.968,4726.582,292721.55
TR,2018,279787.996,10375.5,290163.496
TR,2019,295087.364,5534.35,300621.714
TR,2020,302186.129,7556.437,309742.566
TR,2021,337629.096,9269.019,346898.115
TR,2022,338029.087,6552.985,344582.072
TR,2023,319028.503,10291.204,329319.70700000005
UA,2013,243726.75,46336.25,290063.0
UA,2014,213029.25,30832.0,243861.25
UA,2015,160454.0,26539.25,186993.25
UA,2016,161619.75,20743.25,182363.0
UA,2017,160525.647,13584.589,174110.236
UA,2018,159534.536,10036.495,169571.031
UA,2019,139769.15,17268.972,157038.122
UA,2020,128021.034,26534.416,154555.45
UK,2013,496443.0,5038.0,501481.0
UK,2014,423150.191,4886.709,428036.89999999997
UK,2015,438452.312,4741.259,443193.571
UK,2016,449664.594,4587.512,454252.10599999997
UK,2017,439731.057,4438.184,444169.241
UK,2018,459090.912,4305.038,463395.95
UK,2019,457191.764,4196.5,461388.264
XK,2013,0.0,0.0,0.0
XK,2014,0.0,0.0,0.0
XK,2015,0.0,0.0,0.0
XK,2016,0.0,0.0,0.0
XK,2017,0.0,0.0,0.0
XK,2018,0.0,0.0,0.0
XK,2019,0.0,0.0,0.0
XK,2020,0.0,0.0,0.0
XK,2021,0.0,0.0,0.0
XK,2022,0.0,0.0,0.0
XK,2023,0.0,0.0,0.0
